,iteration,expected_reward,sub_opt_gap,opt_action_pr,algo,env_name,instance_number,run_number
0,0,0.2291198971438837,0.2708801028561164,0.16666666666666666,linear_spg_eta=1000.0,Beta (easy),0,0
1,10000,0.49999992623990136,7.376009859498022e-08,0.9999997050100999,linear_spg_eta=1000.0,Beta (easy),0,0
2,20000,0.49999996209224484,3.7907755136496265e-08,0.9999998483869149,linear_spg_eta=1000.0,Beta (easy),0,0
3,30000,0.4999999744629152,2.5537084731559823e-08,0.999999897860586,linear_spg_eta=1000.0,Beta (easy),0,0
4,40000,0.499999980728703,1.9271296970762206e-08,0.9999999229198389,linear_spg_eta=1000.0,Beta (easy),0,0
5,50000,0.4999999845320708,1.5467929255980355e-08,0.9999999381312346,linear_spg_eta=1000.0,Beta (easy),0,0
6,60000,0.4999999870404745,1.2959525512893396e-08,0.9999999481636315,linear_spg_eta=1000.0,Beta (easy),0,0
7,62033,0.4999999874610909,1.253890908469386e-08,0.9999999498459063,linear_spg_eta=1000.0,Beta (easy),0,0
8,0,0.2291198971438837,0.2708801028561164,0.16666666666666666,linear_spg_eta=1000.0,Beta (easy),0,1
9,1,0.5,-3.014576317144949e-126,1.0,linear_spg_eta=1000.0,Beta (easy),0,1
10,0,0.2291198971438837,0.2708801028561164,0.16666666666666666,linear_spg_eta=1000.0,Beta (easy),0,2
11,2,0.49999999992994487,7.005509812815882e-11,0.9999999997129678,linear_spg_eta=1000.0,Beta (easy),0,2
12,0,0.2291198971438837,0.2708801028561164,0.16666666666666666,linear_spg_eta=1000.0,Beta (easy),0,3
13,10000,0.12466565620888183,0.3753343437911182,2.434137700040227e-10,linear_spg_eta=1000.0,Beta (easy),0,3
14,20000,0.12466583358452213,0.37533416641547784,2.955385349317892e-10,linear_spg_eta=1000.0,Beta (easy),0,3
15,30000,0.12466589313240707,0.375334106867593,3.3165516236049974e-10,linear_spg_eta=1000.0,Beta (easy),0,3
16,40000,0.12466592134237373,0.3753340786576263,3.584244570698297e-10,linear_spg_eta=1000.0,Beta (easy),0,3
17,50000,0.12466593895918723,0.3753340610408128,3.8151826990365785e-10,linear_spg_eta=1000.0,Beta (easy),0,3
18,60000,0.12466595045881497,0.375334049541185,4.010465416686547e-10,linear_spg_eta=1000.0,Beta (easy),0,3
19,70000,0.12466595872086485,0.37533404127913517,4.183918624725921e-10,linear_spg_eta=1000.0,Beta (easy),0,3
20,80000,0.12466596484845471,0.37533403515154534,4.3379659536332003e-10,linear_spg_eta=1000.0,Beta (easy),0,3
21,90000,0.12466596967804201,0.37533403032195806,4.479982164277038e-10,linear_spg_eta=1000.0,Beta (easy),0,3
22,100000,0.1246656389631215,0.37533436103687845,2.3691386846988113e-10,linear_spg_eta=1000.0,Beta (easy),0,3
23,110000,0.12466582966264891,0.37533417033735106,2.897006131358333e-10,linear_spg_eta=1000.0,Beta (easy),0,3
24,120000,0.12466589063144581,0.37533410936855416,3.251749440501379e-10,linear_spg_eta=1000.0,Beta (easy),0,3
25,130000,0.12466592023275719,0.37533407976724287,3.522841219745165e-10,linear_spg_eta=1000.0,Beta (easy),0,3
26,140000,0.12466593793155728,0.37533406206844266,3.747798628250924e-10,linear_spg_eta=1000.0,Beta (easy),0,3
27,150000,0.12466594990368884,0.37533405009631116,3.9453144929079073e-10,linear_spg_eta=1000.0,Beta (easy),0,3
28,160000,0.1246659583745678,0.3753340416254322,4.118961159661649e-10,linear_spg_eta=1000.0,Beta (easy),0,3
29,170000,0.1246659645127158,0.3753340354872842,4.26983593697667e-10,linear_spg_eta=1000.0,Beta (easy),0,3
30,180000,0.12466596946001532,0.3753340305399847,4.412202894631628e-10,linear_spg_eta=1000.0,Beta (easy),0,3
31,182651,0.12466597053614753,0.3753340294638525,4.446192808227745e-10,linear_spg_eta=1000.0,Beta (easy),0,3
32,0,0.2291198971438837,0.2708801028561164,0.16666666666666666,linear_spg_eta=1000.0,Beta (easy),0,4
33,652,0.5,-4.0381381222024666e-56,1.0,linear_spg_eta=1000.0,Beta (easy),0,4
34,0,0.31700636433114876,0.18299363566885127,0.16666666666666666,linear_spg_eta=1000.0,Beta (easy),1,5
35,1465,0.34322814636186094,0.15677185363813906,1.2669276683761032e-11,linear_spg_eta=1000.0,Beta (easy),1,5
36,0,0.31700636433114876,0.18299363566885127,0.16666666666666666,linear_spg_eta=1000.0,Beta (easy),1,6
37,10000,0.16528775672614726,0.33471224327385274,5.153848737093378e-24,linear_spg_eta=1000.0,Beta (easy),1,6
38,20000,0.34322802829682786,0.15677197170317214,1.0928454283820113e-16,linear_spg_eta=1000.0,Beta (easy),1,6
39,30000,0.34322809178049635,0.15677190821950365,1.261028122277432e-16,linear_spg_eta=1000.0,Beta (easy),1,6
40,40000,0.3432281108503995,0.1567718891496005,1.365711979466279e-16,linear_spg_eta=1000.0,Beta (easy),1,6
41,50000,0.3432281199495111,0.15677188005048892,1.4428192779130237e-16,linear_spg_eta=1000.0,Beta (easy),1,6
42,60000,0.3432281253647439,0.1567718746352561,1.5055685847303697e-16,linear_spg_eta=1000.0,Beta (easy),1,6
43,70000,0.34322812897223115,0.15677187102776885,1.5591609240043066e-16,linear_spg_eta=1000.0,Beta (easy),1,6
44,80000,0.34322813152148063,0.15677186847851937,1.6057024994051596e-16,linear_spg_eta=1000.0,Beta (easy),1,6
45,84065,0.34322813234571825,0.15677186765428175,1.6228180229660924e-16,linear_spg_eta=1000.0,Beta (easy),1,6
46,0,0.31700636433114876,0.18299363566885127,0.16666666666666666,linear_spg_eta=1000.0,Beta (easy),1,7
47,10000,0.1765812022429164,0.3234187977570836,1.2027346453194877e-17,linear_spg_eta=1000.0,Beta (easy),1,7
48,20000,0.17658151540086064,0.32341848459913936,1.3371320840830265e-17,linear_spg_eta=1000.0,Beta (easy),1,7
49,30000,0.1765816176146615,0.3234183823853385,1.4084171719373317e-17,linear_spg_eta=1000.0,Beta (easy),1,7
50,40000,0.17658167312305237,0.3234183268769476,1.4619935198768487e-17,linear_spg_eta=1000.0,Beta (easy),1,7
51,50000,0.17658170438556745,0.3234182956144326,1.494933435031e-17,linear_spg_eta=1000.0,Beta (easy),1,7
52,60000,0.17658172443444223,0.3234182755655578,1.5144090636126403e-17,linear_spg_eta=1000.0,Beta (easy),1,7
53,64421,0.17658173136602487,0.32341826863397516,1.519907015168407e-17,linear_spg_eta=1000.0,Beta (easy),1,7
54,0,0.31700636433114876,0.18299363566885127,0.16666666666666666,linear_spg_eta=1000.0,Beta (easy),1,8
55,10000,0.17658127867024942,0.3234187213297506,1.3059449629083496e-114,linear_spg_eta=1000.0,Beta (easy),1,8
56,20000,0.17658131563025287,0.32341868436974713,1.3269267110297383e-114,linear_spg_eta=1000.0,Beta (easy),1,8
57,30000,0.1765815592652002,0.3234184407347998,1.5408459983916982e-114,linear_spg_eta=1000.0,Beta (easy),1,8
58,40000,0.17658164092147788,0.3234183590785221,1.6792501865234553e-114,linear_spg_eta=1000.0,Beta (easy),1,8
59,50000,0.1765816839212701,0.3234183160787299,1.7893884781244232e-114,linear_spg_eta=1000.0,Beta (easy),1,8
60,60000,0.17658170963196276,0.32341829036803726,1.8791633759470435e-114,linear_spg_eta=1000.0,Beta (easy),1,8
61,67412,0.17658172290878213,0.32341827709121784,1.9368379807632002e-114,linear_spg_eta=1000.0,Beta (easy),1,8
62,0,0.31700636433114876,0.18299363566885127,0.16666666666666666,linear_spg_eta=1000.0,Beta (easy),1,9
63,1,0.4999999999926732,7.326816800361956e-12,0.9999999997114501,linear_spg_eta=1000.0,Beta (easy),1,9
64,0,0.2535978302133902,0.24640216978660978,0.16666666666666666,linear_spg_eta=1000.0,Beta (easy),2,10
65,1,0.5,-4.022902145818006e-37,1.0,linear_spg_eta=1000.0,Beta (easy),2,10
66,0,0.2535978302133902,0.24640216978660978,0.16666666666666666,linear_spg_eta=1000.0,Beta (easy),2,11
67,1,0.49999997993185635,2.0068143638737382e-08,0.9999997887538876,linear_spg_eta=1000.0,Beta (easy),2,11
68,0,0.2535978302133902,0.24640216978660978,0.16666666666666666,linear_spg_eta=1000.0,Beta (easy),2,12
69,10000,0.4999997118370604,2.881629396397159e-07,0.999996966670075,linear_spg_eta=1000.0,Beta (easy),2,12
70,20000,0.4999998553849805,1.4461501949808038e-07,0.999998477718658,linear_spg_eta=1000.0,Beta (easy),2,12
71,30000,0.4999999037585186,9.62414814129238e-08,0.99999898691981,linear_spg_eta=1000.0,Beta (easy),2,12
72,40000,0.4999999278608354,7.21391646019632e-08,0.9999992406314044,linear_spg_eta=1000.0,Beta (easy),2,12
73,50000,0.49999994235318723,5.764681274627433e-08,0.999999393184278,linear_spg_eta=1000.0,Beta (easy),2,12
74,60000,0.49999995189071217,4.810928782406825e-08,0.9999994935804635,linear_spg_eta=1000.0,Beta (easy),2,12
75,70000,0.49999995878854836,4.12114516554529e-08,0.9999995661901223,linear_spg_eta=1000.0,Beta (easy),2,12
76,74081,0.4999999610615463,3.8938453707274665e-08,0.9999995901166995,linear_spg_eta=1000.0,Beta (easy),2,12
77,0,0.2535978302133902,0.24640216978660978,0.16666666666666666,linear_spg_eta=1000.0,Beta (easy),2,13
78,1,0.5,-1.670406353377513e-34,1.0,linear_spg_eta=1000.0,Beta (easy),2,13
79,0,0.2535978302133902,0.24640216978660978,0.16666666666666666,linear_spg_eta=1000.0,Beta (easy),2,14
80,1,0.5,-1.6942465110669928e-30,1.0,linear_spg_eta=1000.0,Beta (easy),2,14
81,0,0.31888871039697725,0.18111128960302275,0.16666666666666666,linear_spg_eta=1000.0,Beta (easy),3,15
82,10000,0.10919980192116523,0.39080019807883476,2.944193087335405e-18,linear_spg_eta=1000.0,Beta (easy),3,15
83,20000,0.10919940065304189,0.3908005993469581,6.380262502066596e-19,linear_spg_eta=1000.0,Beta (easy),3,15
84,30000,0.1091992643844964,0.3908007356155036,2.5801605898624727e-19,linear_spg_eta=1000.0,Beta (easy),3,15
85,40000,0.10919919586816398,0.39080080413183604,1.3529295290959861e-19,linear_spg_eta=1000.0,Beta (easy),3,15
86,50000,0.10919915560117024,0.3908008443988297,8.292950795581762e-20,linear_spg_eta=1000.0,Beta (easy),3,15
87,60000,0.10919912830938083,0.39080087169061917,5.529743869628067e-20,linear_spg_eta=1000.0,Beta (easy),3,15
88,70000,0.10919910836322803,0.39080089163677195,3.894002079439033e-20,linear_spg_eta=1000.0,Beta (easy),3,15
89,80000,0.10919909353841473,0.3908009064615853,2.8802754680530204e-20,linear_spg_eta=1000.0,Beta (easy),3,15
90,90000,0.10919908241864446,0.39080091758135554,2.2292994546475367e-20,linear_spg_eta=1000.0,Beta (easy),3,15
91,100000,0.10919907333186402,0.390800926668136,1.7649972874163692e-20,linear_spg_eta=1000.0,Beta (easy),3,15
92,110000,0.10919906575202946,0.3908009342479705,1.4230744384883975e-20,linear_spg_eta=1000.0,Beta (easy),3,15
93,120000,0.10919905944733999,0.39080094055265996,1.1693931349661336e-20,linear_spg_eta=1000.0,Beta (easy),3,15
94,130000,0.10919905419091966,0.3908009458090803,9.787678262803931e-21,linear_spg_eta=1000.0,Beta (easy),3,15
95,140000,0.10919904970722086,0.3908009502927791,8.30879460005484e-21,linear_spg_eta=1000.0,Beta (easy),3,15
96,150000,0.10919904581166365,0.3908009541883363,7.131932003701855e-21,linear_spg_eta=1000.0,Beta (easy),3,15
97,160000,0.1091990423352592,0.3908009576647408,6.165111138144447e-21,linear_spg_eta=1000.0,Beta (easy),3,15
98,170000,0.10919903925671892,0.3908009607432811,5.373595694465272e-21,linear_spg_eta=1000.0,Beta (easy),3,15
99,180000,0.10919903651516219,0.3908009634848378,4.71908778672853e-21,linear_spg_eta=1000.0,Beta (easy),3,15
100,190000,0.10919903415655899,0.390800965843441,4.193450503773805e-21,linear_spg_eta=1000.0,Beta (easy),3,15
101,200000,0.10919903197712348,0.3908009680228765,3.738129053120455e-21,linear_spg_eta=1000.0,Beta (easy),3,15
102,210000,0.10919903004798591,0.3908009699520141,3.3591532794993832e-21,linear_spg_eta=1000.0,Beta (easy),3,15
103,220000,0.10919902828695997,0.39080097171304,3.032694904326355e-21,linear_spg_eta=1000.0,Beta (easy),3,15
104,230000,0.10919902667564682,0.39080097332435315,2.7501093543277175e-21,linear_spg_eta=1000.0,Beta (easy),3,15
105,240000,0.10919902514481734,0.39080097485518267,2.4957549955372812e-21,linear_spg_eta=1000.0,Beta (easy),3,15
106,250000,0.10919902376595572,0.39080097623404425,2.2783039936652467e-21,linear_spg_eta=1000.0,Beta (easy),3,15
107,260000,0.10919902249398106,0.39080097750601894,2.087405739798643e-21,linear_spg_eta=1000.0,Beta (easy),3,15
108,270000,0.10919902130883992,0.3908009786911601,1.9178342578044916e-21,linear_spg_eta=1000.0,Beta (easy),3,15
109,280000,0.10919902021150447,0.39080097978849554,1.767895308995448e-21,linear_spg_eta=1000.0,Beta (easy),3,15
110,290000,0.10919901919582108,0.3908009808041789,1.6351173262981833e-21,linear_spg_eta=1000.0,Beta (easy),3,15
111,300000,0.10919901826337747,0.39080098173662253,1.5182601942495047e-21,linear_spg_eta=1000.0,Beta (easy),3,15
112,310000,0.1091990173756077,0.3908009826243923,1.4114480178684606e-21,linear_spg_eta=1000.0,Beta (easy),3,15
113,320000,0.10919901655739767,0.3908009834426024,1.316815668598649e-21,linear_spg_eta=1000.0,Beta (easy),3,15
114,330000,0.1091990157681933,0.3908009842318067,1.2289749200154422e-21,linear_spg_eta=1000.0,Beta (easy),3,15
115,334497,0.10919901542448628,0.3908009845755137,1.1917678046971904e-21,linear_spg_eta=1000.0,Beta (easy),3,15
116,0,0.31888871039697725,0.18111128960302275,0.16666666666666666,linear_spg_eta=1000.0,Beta (easy),3,16
117,1,0.40753245531651106,0.09246754468348894,1.4596681145022378e-40,linear_spg_eta=1000.0,Beta (easy),3,16
118,0,0.31888871039697725,0.18111128960302275,0.16666666666666666,linear_spg_eta=1000.0,Beta (easy),3,17
119,1,0.5,-4.0170955122550414e-27,1.0,linear_spg_eta=1000.0,Beta (easy),3,17
120,0,0.31888871039697725,0.18111128960302275,0.16666666666666666,linear_spg_eta=1000.0,Beta (easy),3,18
121,1,0.49999999473883244,5.26116755137535e-09,0.9999999297594908,linear_spg_eta=1000.0,Beta (easy),3,18
122,0,0.31888871039697725,0.18111128960302275,0.16666666666666666,linear_spg_eta=1000.0,Beta (easy),3,19
123,2,0.10919899046586719,0.3908010095341328,4.540800356746462e-39,linear_spg_eta=1000.0,Beta (easy),3,19
124,0,0.25852821230409784,0.2414717876959022,0.16666666666666666,linear_spg_eta=1000.0,Beta (easy),4,20
125,5,0.49999999999769523,2.3047655414873784e-12,0.9999999999820379,linear_spg_eta=1000.0,Beta (easy),4,20
126,0,0.25852821230409784,0.2414717876959022,0.16666666666666666,linear_spg_eta=1000.0,Beta (easy),4,21
127,10000,0.49999993042555985,6.957444015267247e-08,0.9999997725377334,linear_spg_eta=1000.0,Beta (easy),4,21
128,20000,0.4999999593003188,4.0699681176937594e-08,0.999999863643099,linear_spg_eta=1000.0,Beta (easy),4,21
129,30000,0.49999997121590795,2.878409206575757e-08,0.9999999017383688,linear_spg_eta=1000.0,Beta (easy),4,21
130,40000,0.4999999776960607,2.2303939318014116e-08,0.9999999226886982,linear_spg_eta=1000.0,Beta (easy),4,21
131,50000,0.4999999817811944,1.8218805597691872e-08,0.9999999360264903,linear_spg_eta=1000.0,Beta (easy),4,21
132,60000,0.4999999845895248,1.541047520011544e-08,0.9999999452771952,linear_spg_eta=1000.0,Beta (easy),4,21
133,70000,0.49999998663192974,1.33680702317877e-08,0.9999999520594415,linear_spg_eta=1000.0,Beta (easy),4,21
134,72917,0.49999998713740806,1.286259189938924e-08,0.9999999537464758,linear_spg_eta=1000.0,Beta (easy),4,21
135,0,0.25852821230409784,0.2414717876959022,0.16666666666666666,linear_spg_eta=1000.0,Beta (easy),4,22
136,10000,0.4999999783344997,2.166550024594796e-08,0.9999998910618514,linear_spg_eta=1000.0,Beta (easy),4,22
137,20000,0.49999998219914527,1.780085478607486e-08,0.9999999103410377,linear_spg_eta=1000.0,Beta (easy),4,22
138,29902,0.4999999848685886,1.513141140132398e-08,0.9999999236860424,linear_spg_eta=1000.0,Beta (easy),4,22
139,0,0.25852821230409784,0.2414717876959022,0.16666666666666666,linear_spg_eta=1000.0,Beta (easy),4,23
140,1,0.37168809079610227,0.12831190920389773,1.0694948224135897e-22,linear_spg_eta=1000.0,Beta (easy),4,23
141,0,0.25852821230409784,0.2414717876959022,0.16666666666666666,linear_spg_eta=1000.0,Beta (easy),4,24
142,10000,0.1334503498104117,0.3665496501895883,1.566112714508962e-18,linear_spg_eta=1000.0,Beta (easy),4,24
143,20000,0.13344990646102747,0.36655009353897255,1.037844550201022e-19,linear_spg_eta=1000.0,Beta (easy),4,24
144,30000,0.1334497396282246,0.36655026037177535,1.8855201274529158e-20,linear_spg_eta=1000.0,Beta (easy),4,24
145,40000,0.13344965434530778,0.3665503456546922,5.591578081066585e-21,linear_spg_eta=1000.0,Beta (easy),4,24
146,50000,0.13344960069519307,0.36655039930480693,2.0999961515436738e-21,linear_spg_eta=1000.0,Beta (easy),4,24
147,60000,0.13344956575464575,0.3665504342453542,9.655835854189323e-22,linear_spg_eta=1000.0,Beta (easy),4,24
148,70000,0.13344954021494262,0.3665504597850574,4.9526236768103425e-22,linear_spg_eta=1000.0,Beta (easy),4,24
149,80000,0.1334495207693099,0.3665504792306901,2.759848210148361e-22,linear_spg_eta=1000.0,Beta (easy),4,24
150,90000,0.13344950564057206,0.366550494359428,1.6500919923733546e-22,linear_spg_eta=1000.0,Beta (easy),4,24
151,100000,0.1334494934930321,0.3665505065069679,1.041217076925589e-22,linear_spg_eta=1000.0,Beta (easy),4,24
152,110000,0.13344948351606833,0.36655051648393167,6.861607203758838e-23,linear_spg_eta=1000.0,Beta (easy),4,24
153,120000,0.1334494751648348,0.3665505248351652,4.685049723530653e-23,linear_spg_eta=1000.0,Beta (easy),4,24
154,130000,0.13344946796412882,0.3665505320358712,3.2777824161810233e-23,linear_spg_eta=1000.0,Beta (easy),4,24
155,140000,0.13344946179434947,0.36655053820565053,2.3554892207937354e-23,linear_spg_eta=1000.0,Beta (easy),4,24
156,150000,0.13344945647916867,0.36655054352083133,1.7353686463331187e-23,linear_spg_eta=1000.0,Beta (easy),4,24
157,160000,0.13344945175999945,0.36655054824000055,1.2987148367589454e-23,linear_spg_eta=1000.0,Beta (easy),4,24
158,170000,0.13344944768447756,0.3665505523155224,9.9509932542322e-24,linear_spg_eta=1000.0,Beta (easy),4,24
159,180000,0.13344944404939837,0.36655055595060165,7.737527472547266e-24,linear_spg_eta=1000.0,Beta (easy),4,24
160,190000,0.13344944069988648,0.36655055930011354,6.0562988203997154e-24,linear_spg_eta=1000.0,Beta (easy),4,24
161,200000,0.13344943771553938,0.3665505622844606,4.811385018770723e-24,linear_spg_eta=1000.0,Beta (easy),4,24
162,210000,0.1334494350584165,0.3665505649415835,3.8794892513946745e-24,linear_spg_eta=1000.0,Beta (easy),4,24
163,220000,0.13344943258959696,0.3665505674104031,3.1456025427232938e-24,linear_spg_eta=1000.0,Beta (easy),4,24
164,230000,0.1334494303566165,0.3665505696433835,2.5793524818525517e-24,linear_spg_eta=1000.0,Beta (easy),4,24
165,240000,0.13344942832572979,0.3665505716742702,2.136362078587424e-24,linear_spg_eta=1000.0,Beta (easy),4,24
166,250000,0.13344942640965285,0.36655057359034715,1.774974846136902e-24,linear_spg_eta=1000.0,Beta (easy),4,24
167,260000,0.13344942468010995,0.3665505753198901,1.4913696510774346e-24,linear_spg_eta=1000.0,Beta (easy),4,24
168,270000,0.13344942305350407,0.3665505769464959,1.2580768486539065e-24,linear_spg_eta=1000.0,Beta (easy),4,24
169,280000,0.133449421542346,0.36655057845765404,1.0677697474026035e-24,linear_spg_eta=1000.0,Beta (easy),4,24
170,283040,0.133449421109779,0.36655057889022097,1.0176566894252171e-24,linear_spg_eta=1000.0,Beta (easy),4,24
171,0,0.3052831606550914,0.19471683934490855,0.16666666666666666,linear_spg_eta=1000.0,Beta (easy),5,25
172,360,0.4732747731826849,0.026725226817315095,5.73061154006265e-48,linear_spg_eta=1000.0,Beta (easy),5,25
173,0,0.3052831606550914,0.19471683934490855,0.16666666666666666,linear_spg_eta=1000.0,Beta (easy),5,26
174,10000,0.12713073700145053,0.3728692629985495,5.011889756924175e-29,linear_spg_eta=1000.0,Beta (easy),5,26
175,20000,0.12713069965224896,0.372869300347751,1.9361896517210333e-29,linear_spg_eta=1000.0,Beta (easy),5,26
176,30000,0.12713068308692205,0.37286931691307795,9.780152313283397e-30,linear_spg_eta=1000.0,Beta (easy),5,26
177,40000,0.12713067295226949,0.3728693270477305,5.692652526837282e-30,linear_spg_eta=1000.0,Beta (easy),5,26
178,50000,0.12713066557637462,0.37286933442362535,3.58759247103947e-30,linear_spg_eta=1000.0,Beta (easy),5,26
179,60000,0.12713065974307175,0.37286934025692825,2.386074247442269e-30,linear_spg_eta=1000.0,Beta (easy),5,26
180,70000,0.12713065489037517,0.37286934510962483,1.649459544845415e-30,linear_spg_eta=1000.0,Beta (easy),5,26
181,80000,0.12713065074454147,0.37286934925545856,1.1763052947631916e-30,linear_spg_eta=1000.0,Beta (easy),5,26
182,90000,0.12713064714749112,0.3728693528525089,8.616037050729828e-31,linear_spg_eta=1000.0,Beta (easy),5,26
183,100000,0.12713064396567242,0.3728693560343276,6.444321725107716e-31,linear_spg_eta=1000.0,Beta (easy),5,26
184,110000,0.12713064116374218,0.3728693588362578,4.927301123472235e-31,linear_spg_eta=1000.0,Beta (easy),5,26
185,120000,0.1271306386111438,0.3728693613888562,3.8154162164710763e-31,linear_spg_eta=1000.0,Beta (easy),5,26
186,130000,0.1271306363292183,0.3728693636707817,3.0058950968208843e-31,linear_spg_eta=1000.0,Beta (easy),5,26
187,140000,0.12713063424024937,0.3728693657597506,2.3950355150023933e-31,linear_spg_eta=1000.0,Beta (easy),5,26
188,150000,0.12713063233509372,0.3728693676649063,1.9312848517688953e-31,linear_spg_eta=1000.0,Beta (easy),5,26
189,160000,0.12713063060444224,0.37286936939555776,1.576953913192658e-31,linear_spg_eta=1000.0,Beta (easy),5,26
190,170000,0.127130628981633,0.37286937101836704,1.2952596718515294e-31,linear_spg_eta=1000.0,Beta (easy),5,26
191,180000,0.12713062750666182,0.3728693724933382,1.0765557913308766e-31,linear_spg_eta=1000.0,Beta (easy),5,26
192,190000,0.12713062609556508,0.3728693739044349,8.967218523426985e-32,linear_spg_eta=1000.0,Beta (easy),5,26
193,191641,0.12713062586706741,0.3728693741329326,8.700777582340205e-32,linear_spg_eta=1000.0,Beta (easy),5,26
194,0,0.3052831606550914,0.19471683934490855,0.16666666666666666,linear_spg_eta=1000.0,Beta (easy),5,27
195,10000,0.14355878774226738,0.3564412122577326,3.226549027662679e-17,linear_spg_eta=1000.0,Beta (easy),5,27
196,20000,0.14355882884511473,0.3564411711548853,3.6623726754504355e-17,linear_spg_eta=1000.0,Beta (easy),5,27
197,30000,0.14355884277034028,0.35644115722965974,3.942052151492039e-17,linear_spg_eta=1000.0,Beta (easy),5,27
198,31151,0.1435588437987925,0.35644115620120753,3.9687282825447395e-17,linear_spg_eta=1000.0,Beta (easy),5,27
199,0,0.3052831606550914,0.19471683934490855,0.16666666666666666,linear_spg_eta=1000.0,Beta (easy),5,28
200,10000,0.12713185218965595,0.37286814781034405,4.3724371146752495e-29,linear_spg_eta=1000.0,Beta (easy),5,28
201,20000,0.12713111183981635,0.37286888816018365,3.094623688087895e-30,linear_spg_eta=1000.0,Beta (easy),5,28
202,30000,0.12713091740607554,0.3728690825939245,7.67262970663129e-31,linear_spg_eta=1000.0,Beta (easy),5,28
203,40000,0.12713082855870553,0.3728691714412945,2.9819931804506234e-31,linear_spg_eta=1000.0,Beta (easy),5,28
204,50000,0.12713077795435873,0.37286922204564127,1.4657839890863721e-31,linear_spg_eta=1000.0,Beta (easy),5,28
205,60000,0.12713074466537827,0.37286925533462173,8.211416804334067e-32,linear_spg_eta=1000.0,Beta (easy),5,28
206,70000,0.12713072103600778,0.37286927896399225,5.021651874975046e-32,linear_spg_eta=1000.0,Beta (easy),5,28
207,80000,0.12713070369985766,0.3728692963001423,3.2993736698442634e-32,linear_spg_eta=1000.0,Beta (easy),5,28
208,90000,0.1271306902033993,0.3728693097966007,2.2717165300738115e-32,linear_spg_eta=1000.0,Beta (easy),5,28
209,100000,0.12713067953945156,0.37286932046054844,1.630563764532089e-32,linear_spg_eta=1000.0,Beta (easy),5,28
210,110000,0.1271306711046184,0.3728693288953816,1.2189253952863139e-32,linear_spg_eta=1000.0,Beta (easy),5,28
211,120000,0.12713066401442583,0.37286933598557415,9.319468048188576e-33,linear_spg_eta=1000.0,Beta (easy),5,28
212,130000,0.12713065798655093,0.37286934201344907,7.267068342180534e-33,linear_spg_eta=1000.0,Beta (easy),5,28
213,140000,0.12713065293430945,0.3728693470656905,5.799223485123491e-33,linear_spg_eta=1000.0,Beta (easy),5,28
214,150000,0.12713064849856984,0.3728693515014302,4.6861764339508835e-33,linear_spg_eta=1000.0,Beta (easy),5,28
215,160000,0.1271306446649867,0.3728693553350133,3.8474763615689805e-33,linear_spg_eta=1000.0,Beta (easy),5,28
216,170000,0.12713064127532722,0.37286935872467275,3.194951036591318e-33,linear_spg_eta=1000.0,Beta (easy),5,28
217,180000,0.12713063828458168,0.3728693617154183,2.684435282755307e-33,linear_spg_eta=1000.0,Beta (easy),5,28
218,190000,0.12713063564485977,0.37286936435514023,2.2817548376079976e-33,linear_spg_eta=1000.0,Beta (easy),5,28
219,200000,0.12713063315519174,0.37286936684480826,1.9409077498924857e-33,linear_spg_eta=1000.0,Beta (easy),5,28
220,210000,0.12713063096460062,0.37286936903539936,1.6706589194606753e-33,linear_spg_eta=1000.0,Beta (easy),5,28
221,220000,0.1271306290195348,0.3728693709804652,1.4528218449812364e-33,linear_spg_eta=1000.0,Beta (easy),5,28
222,230000,0.1271306272138813,0.3728693727861187,1.2683593664461196e-33,linear_spg_eta=1000.0,Beta (easy),5,28
223,240000,0.1271306255931636,0.37286937440683643,1.1167130179414414e-33,linear_spg_eta=1000.0,Beta (easy),5,28
224,250000,0.12713062406403056,0.37286937593596947,9.85200416028112e-34,linear_spg_eta=1000.0,Beta (easy),5,28
225,260000,0.1271306226684301,0.3728693773315699,8.745745145222603e-34,linear_spg_eta=1000.0,Beta (easy),5,28
226,270000,0.1271306213846753,0.3728693786153247,7.804270904001621e-34,linear_spg_eta=1000.0,Beta (easy),5,28
227,274916,0.12713062076749473,0.3728693792325053,7.37678279872925e-34,linear_spg_eta=1000.0,Beta (easy),5,28
228,0,0.3052831606550914,0.19471683934490855,0.16666666666666666,linear_spg_eta=1000.0,Beta (easy),5,29
229,1,0.5,-3.0202303151245166e-40,1.0,linear_spg_eta=1000.0,Beta (easy),5,29
230,0,0.3113564801527814,0.1886435198472186,0.16666666666666666,linear_spg_eta=1000.0,Beta (easy),6,30
231,1,0.3291811849073082,0.1708188150926918,5.950361517213757e-118,linear_spg_eta=1000.0,Beta (easy),6,30
232,0,0.3113564801527814,0.1886435198472186,0.16666666666666666,linear_spg_eta=1000.0,Beta (easy),6,31
233,10000,0.44175630675204475,0.05824369324795525,3.302555960405483e-07,linear_spg_eta=1000.0,Beta (easy),6,31
234,20000,0.44175638249376326,0.058243617506236744,2.423213351630279e-07,linear_spg_eta=1000.0,Beta (easy),6,31
235,30000,0.4417564075218769,0.05824359247812311,1.9751871000616004e-07,linear_spg_eta=1000.0,Beta (easy),6,31
236,40000,0.4417564200030235,0.05824357999697649,1.6837032614933488e-07,linear_spg_eta=1000.0,Beta (easy),6,31
237,50000,0.44175642729935555,0.05824357270064445,1.477040094073184e-07,linear_spg_eta=1000.0,Beta (easy),6,31
238,57285,0.4417564309435428,0.05824356905645722,1.3590715681582998e-07,linear_spg_eta=1000.0,Beta (easy),6,31
239,0,0.3113564801527814,0.1886435198472186,0.16666666666666666,linear_spg_eta=1000.0,Beta (easy),6,32
240,1,0.3291811849073082,0.1708188150926918,4.773560996281523e-97,linear_spg_eta=1000.0,Beta (easy),6,32
241,0,0.3113564801527814,0.1886435198472186,0.16666666666666666,linear_spg_eta=1000.0,Beta (easy),6,33
242,10000,0.49999990387812543,9.612187455586491e-08,0.9999983496562728,linear_spg_eta=1000.0,Beta (easy),6,33
243,20000,0.49999994883550325,5.116449674587635e-08,0.9999991215422438,linear_spg_eta=1000.0,Beta (easy),6,33
244,30000,0.49999996507145494,3.492854506663997e-08,0.9999994003019023,linear_spg_eta=1000.0,Beta (easy),6,33
245,34307,0.499999969264898,3.0735102028135274e-08,0.9999994723003163,linear_spg_eta=1000.0,Beta (easy),6,33
246,0,0.3113564801527814,0.1886435198472186,0.16666666666666666,linear_spg_eta=1000.0,Beta (easy),6,34
247,1,0.0843714962039994,0.41562850379600064,3.2233911301729805e-56,linear_spg_eta=1000.0,Beta (easy),6,34
248,0,0.2802701368506975,0.21972986314930246,0.16666666666666666,linear_spg_eta=1000.0,Beta (easy),7,35
249,10000,0.42443773585821054,0.07556226414178946,9.185334191701328e-07,linear_spg_eta=1000.0,Beta (easy),7,35
250,20000,0.4244377031093358,0.07556229689066418,4.85131310015953e-07,linear_spg_eta=1000.0,Beta (easy),7,35
251,30000,0.4244376913269527,0.07556230867304731,3.292019924291775e-07,linear_spg_eta=1000.0,Beta (easy),7,35
252,35972,0.42443768734502085,0.07556231265497915,2.7650468040390253e-07,linear_spg_eta=1000.0,Beta (easy),7,35
253,0,0.2802701368506975,0.21972986314930246,0.16666666666666666,linear_spg_eta=1000.0,Beta (easy),7,36
254,10000,0.42443759793597735,0.07556240206402266,1.0670764288483668e-06,linear_spg_eta=1000.0,Beta (easy),7,36
255,20000,0.424437632324916,0.07556236767508401,5.316573356473186e-07,linear_spg_eta=1000.0,Beta (easy),7,36
256,30000,0.42443764367962933,0.07556235632037069,3.5479756375872174e-07,linear_spg_eta=1000.0,Beta (easy),7,36
257,40000,0.4244376493781224,0.07556235062187759,2.660253457301244e-07,linear_spg_eta=1000.0,Beta (easy),7,36
258,50000,0.4244376527706128,0.07556234722938722,2.13172402005236e-07,linear_spg_eta=1000.0,Beta (easy),7,36
259,60000,0.4244376550546184,0.07556234494538162,1.7758729272937122e-07,linear_spg_eta=1000.0,Beta (easy),7,36
260,70000,0.42443765669005296,0.07556234330994703,1.5210618076203157e-07,linear_spg_eta=1000.0,Beta (easy),7,36
261,71617,0.42443765690906315,0.07556234309093686,1.486938103304063e-07,linear_spg_eta=1000.0,Beta (easy),7,36
262,0,0.2802701368506975,0.21972986314930246,0.16666666666666666,linear_spg_eta=1000.0,Beta (easy),7,37
263,10000,0.42443754078974505,0.07556245921025495,1.6055150766221918e-07,linear_spg_eta=1000.0,Beta (easy),7,37
264,20000,0.42443760622645216,0.07556239377354783,1.421056346780882e-07,linear_spg_eta=1000.0,Beta (easy),7,37
265,30000,0.42443762831113774,0.07556237168886225,1.264867104555417e-07,linear_spg_eta=1000.0,Beta (easy),7,37
266,40000,0.42443763910860194,0.07556236089139805,1.1366271087628667e-07,linear_spg_eta=1000.0,Beta (easy),7,37
267,50000,0.4244376453695428,0.0755623546304572,1.0314661576502488e-07,linear_spg_eta=1000.0,Beta (easy),7,37
268,60000,0.4244376494258534,0.07556235057414663,9.437517329430905e-08,linear_spg_eta=1000.0,Beta (easy),7,37
269,61942,0.42443765005023243,0.0755623499497676,9.284116721875681e-08,linear_spg_eta=1000.0,Beta (easy),7,37
270,0,0.2802701368506975,0.21972986314930246,0.16666666666666666,linear_spg_eta=1000.0,Beta (easy),7,38
271,1,0.5,-1.806177011076718e-39,1.0,linear_spg_eta=1000.0,Beta (easy),7,38
272,0,0.2802701368506975,0.21972986314930246,0.16666666666666666,linear_spg_eta=1000.0,Beta (easy),7,39
273,1,0.42443766645175846,0.07556233354824154,1.0124699400758073e-12,linear_spg_eta=1000.0,Beta (easy),7,39
274,0,0.3939965100571316,0.10600348994286843,0.16666666666666666,linear_spg_eta=1000.0,Beta (easy),8,40
275,10000,0.4999996641211241,3.3587887585320476e-07,0.9999944296645805,linear_spg_eta=1000.0,Beta (easy),8,40
276,20000,0.49999983203201015,1.6796798984379085e-07,0.9999972150405267,linear_spg_eta=1000.0,Beta (easy),8,40
277,30000,0.4999998878011341,1.1219886591812247e-07,0.9999981399053471,linear_spg_eta=1000.0,Beta (easy),8,40
278,40000,0.49999991572466584,8.427533414120153e-08,0.9999986029264751,linear_spg_eta=1000.0,Beta (easy),8,40
279,50000,0.49999993241685897,6.758314101541248e-08,0.999998879691211,linear_spg_eta=1000.0,Beta (easy),8,40
280,60000,0.49999994369929046,5.6300709525193077e-08,0.9999990667493824,linear_spg_eta=1000.0,Beta (easy),8,40
281,66131,0.4999999488839393,5.111606073860444e-08,0.9999991527057828,linear_spg_eta=1000.0,Beta (easy),8,40
282,0,0.3939965100571316,0.10600348994286843,0.16666666666666666,linear_spg_eta=1000.0,Beta (easy),8,41
283,10000,0.4999997277693195,2.7223068052156575e-07,0.9999958468017573,linear_spg_eta=1000.0,Beta (easy),8,41
284,20000,0.49999985520242013,1.4479757982771658e-07,0.9999977446403331,linear_spg_eta=1000.0,Beta (easy),8,41
285,30000,0.4999999006548274,9.934517257737732e-08,0.9999984352325166,linear_spg_eta=1000.0,Beta (easy),8,41
286,40000,0.49999992416691846,7.583308154494807e-08,0.9999987968975284,linear_spg_eta=1000.0,Beta (easy),8,41
287,50000,0.499999938641254,6.13587459592349e-08,0.999999021476621,linear_spg_eta=1000.0,Beta (easy),8,41
288,60000,0.49999994840937273,5.159062726727105e-08,0.9999991740245847,linear_spg_eta=1000.0,Beta (easy),8,41
289,61796,0.4999999498391577,5.016084230325596e-08,0.9999991964275541,linear_spg_eta=1000.0,Beta (easy),8,41
290,0,0.3939965100571316,0.10600348994286843,0.16666666666666666,linear_spg_eta=1000.0,Beta (easy),8,42
291,10000,0.4999996892317202,3.1076827974287857e-07,0.9999950105956994,linear_spg_eta=1000.0,Beta (easy),8,42
292,20000,0.4999997505531659,2.4944683409747613e-07,0.9999957276796664,linear_spg_eta=1000.0,Beta (easy),8,42
293,30000,0.49999985916528744,1.4083471256128402e-07,0.9999976068416188,linear_spg_eta=1000.0,Beta (easy),8,42
294,40000,0.49999990187189636,9.812810361130327e-08,0.9999983388758069,linear_spg_eta=1000.0,Beta (easy),8,42
295,50000,0.49999992453997455,7.546002546467506e-08,0.9999987255445768,linear_spg_eta=1000.0,Beta (easy),8,42
296,60000,0.49999993869752246,6.13024775597196e-08,0.9999989662955912,linear_spg_eta=1000.0,Beta (easy),8,42
297,69279,0.4999999477913167,5.220868334509604e-08,0.9999991206063827,linear_spg_eta=1000.0,Beta (easy),8,42
298,0,0.3939965100571316,0.10600348994286843,0.16666666666666666,linear_spg_eta=1000.0,Beta (easy),8,43
299,1,0.45035102436913765,0.049648975630862346,1.436610259073517e-07,linear_spg_eta=1000.0,Beta (easy),8,43
300,0,0.3939965100571316,0.10600348994286843,0.16666666666666666,linear_spg_eta=1000.0,Beta (easy),8,44
301,10000,0.499999849339115,1.506608849598567e-07,0.9999969654838533,linear_spg_eta=1000.0,Beta (easy),8,44
302,20000,0.4999999185733498,8.142665021741547e-08,0.9999983599575047,linear_spg_eta=1000.0,Beta (easy),8,44
303,30000,0.4999999442841662,5.5715833758763535e-08,0.9999988778089356,linear_spg_eta=1000.0,Beta (easy),8,44
304,40000,0.4999999576917372,4.23082627710025e-08,0.9999991478559161,linear_spg_eta=1000.0,Beta (easy),8,44
305,40256,0.4999999579553353,4.204466470569925e-08,0.9999991531651456,linear_spg_eta=1000.0,Beta (easy),8,44
306,0,0.324621529286279,0.17537847071372098,0.16666666666666666,linear_spg_eta=1000.0,Beta (easy),9,45
307,1,0.4185104115938193,0.0814895884061807,1.1644286088934148e-63,linear_spg_eta=1000.0,Beta (easy),9,45
308,0,0.324621529286279,0.17537847071372098,0.16666666666666666,linear_spg_eta=1000.0,Beta (easy),9,46
309,1,0.057621226163470686,0.4423787738365293,7.915501789719273e-87,linear_spg_eta=1000.0,Beta (easy),9,46
310,0,0.324621529286279,0.17537847071372098,0.16666666666666666,linear_spg_eta=1000.0,Beta (easy),9,47
311,10000,0.4185101026348197,0.0814898973651803,4.366709230760157e-28,linear_spg_eta=1000.0,Beta (easy),9,47
312,20000,0.41851021329939786,0.08148978670060214,4.308090037239226e-28,linear_spg_eta=1000.0,Beta (easy),9,47
313,30000,0.4185102653440067,0.08148973465599328,4.268301609863639e-28,linear_spg_eta=1000.0,Beta (easy),9,47
314,40000,0.41851029587791855,0.08148970412208148,4.237945097817238e-28,linear_spg_eta=1000.0,Beta (easy),9,47
315,50000,0.41851031584137866,0.08148968415862134,4.21355439118877e-28,linear_spg_eta=1000.0,Beta (easy),9,47
316,60000,0.4185103299465097,0.08148967005349032,4.1931380953720865e-28,linear_spg_eta=1000.0,Beta (easy),9,47
317,70000,0.41851034044206137,0.08148965955793865,4.1755895171480725e-28,linear_spg_eta=1000.0,Beta (easy),9,47
318,73875,0.4185103438079945,0.0814896561920055,4.1694262096651675e-28,linear_spg_eta=1000.0,Beta (easy),9,47
319,0,0.324621529286279,0.17537847071372098,0.16666666666666666,linear_spg_eta=1000.0,Beta (easy),9,48
320,1,0.4999999980613108,1.938689214905233e-09,0.9999999525058259,linear_spg_eta=1000.0,Beta (easy),9,48
321,0,0.324621529286279,0.17537847071372098,0.16666666666666666,linear_spg_eta=1000.0,Beta (easy),9,49
322,1,0.41851041141022305,0.08148958858977692,1.875896561229175e-27,linear_spg_eta=1000.0,Beta (easy),9,49
323,0,0.363333377357685,0.136666622642315,0.16666666666666666,linear_spg_eta=1000.0,Beta (easy),10,50
324,10000,0.1596127162447423,0.3403872837552577,1.7270021072537575e-28,linear_spg_eta=1000.0,Beta (easy),10,50
325,20000,0.15961240482215788,0.3403875951778421,1.1363616460378024e-29,linear_spg_eta=1000.0,Beta (easy),10,50
326,30000,0.15961227921228127,0.34038772078771873,1.9744571014276088e-30,linear_spg_eta=1000.0,Beta (easy),10,50
327,40000,0.15961221212597776,0.34038778787402224,5.4962525379711605e-31,linear_spg_eta=1000.0,Beta (easy),10,50
328,50000,0.15961217049415413,0.34038782950584584,2.013272034401787e-31,linear_spg_eta=1000.0,Beta (easy),10,50
329,60000,0.15961214225247453,0.3403878577475255,8.846883278243773e-32,linear_spg_eta=1000.0,Beta (easy),10,50
330,70000,0.15961212134726693,0.34038787865273307,4.3374763206637035e-32,linear_spg_eta=1000.0,Beta (easy),10,50
331,80000,0.1596121055599423,0.3403878944400577,2.3399656332042916e-32,linear_spg_eta=1000.0,Beta (easy),10,50
332,90000,0.15961209300390944,0.34038790699609056,1.3451974325020308e-32,linear_spg_eta=1000.0,Beta (easy),10,50
333,100000,0.1596120829271527,0.3403879170728473,8.201379086357769e-33,linear_spg_eta=1000.0,Beta (easy),10,50
334,110000,0.1596120745606391,0.34038792543936086,5.2145417482801115e-33,linear_spg_eta=1000.0,Beta (easy),10,50
335,120000,0.15961206753413185,0.3403879324658681,3.440555486935179e-33,linear_spg_eta=1000.0,Beta (easy),10,50
336,130000,0.15961206165391975,0.3403879383460803,2.3586833697637913e-33,linear_spg_eta=1000.0,Beta (easy),10,50
337,140000,0.15961205655976218,0.3403879434402379,1.6579406180181098e-33,linear_spg_eta=1000.0,Beta (easy),10,50
338,150000,0.15961851405183486,0.34038148594816514,7.547461050767292e-24,linear_spg_eta=1000.0,Beta (easy),10,50
339,160000,0.15961283999511236,0.34038716000488767,3.7116194281847657e-28,linear_spg_eta=1000.0,Beta (easy),10,50
340,170000,0.15961244385110182,0.34038755614889815,1.758523479153661e-29,linear_spg_eta=1000.0,Beta (easy),10,50
341,180000,0.15961229917857947,0.34038770082142056,2.7292548165070686e-30,linear_spg_eta=1000.0,Beta (easy),10,50
342,190000,0.1596122240540205,0.3403877759459795,7.080759266033639e-31,linear_spg_eta=1000.0,Beta (easy),10,50
343,200000,0.15961217820776602,0.340387821792234,2.464899266607067e-31,linear_spg_eta=1000.0,Beta (easy),10,50
344,210000,0.15961214747181518,0.3403878525281848,1.0410980177271925e-31,linear_spg_eta=1000.0,Beta (easy),10,50
345,220000,0.15961212524953,0.34038787475047,4.995329667427488e-32,linear_spg_eta=1000.0,Beta (easy),10,50
346,230000,0.15961298815698863,0.3403870118430114,8.108922028547318e-28,linear_spg_eta=1000.0,Beta (easy),10,50
347,240000,0.1596124775457922,0.3403875224542078,2.4900787292498185e-29,linear_spg_eta=1000.0,Beta (easy),10,50
348,250000,0.15961231389875444,0.3403876861012456,3.419986841810554e-30,linear_spg_eta=1000.0,Beta (easy),10,50
349,260000,0.15961223225544444,0.34038776774455554,8.366302451144378e-31,linear_spg_eta=1000.0,Beta (easy),10,50
350,270000,0.15961218263087476,0.34038781736912527,2.758039161140529e-31,linear_spg_eta=1000.0,Beta (easy),10,50
351,280000,0.15961215039253626,0.34038784960746377,1.137753894537372e-31,linear_spg_eta=1000.0,Beta (easy),10,50
352,290000,0.15961212684413814,0.3403878731558619,5.285933902799771e-32,linear_spg_eta=1000.0,Beta (easy),10,50
353,300000,0.15961210968737913,0.3403878903126209,2.770937897483488e-32,linear_spg_eta=1000.0,Beta (easy),10,50
354,310000,0.15961209625170794,0.3403879037482921,1.5618615633044428e-32,linear_spg_eta=1000.0,Beta (easy),10,50
355,320000,0.15961208544232497,0.34038791455767503,9.324060530839988e-33,linear_spg_eta=1000.0,Beta (easy),10,50
356,330000,0.15961207671573582,0.3403879232842642,5.883697194793863e-33,linear_spg_eta=1000.0,Beta (easy),10,50
357,340000,0.1596120694356202,0.34038793056437977,3.864023867353177e-33,linear_spg_eta=1000.0,Beta (easy),10,50
358,350000,0.15961206334386036,0.34038793665613964,2.6369753377345072e-33,linear_spg_eta=1000.0,Beta (easy),10,50
359,360000,0.15961205809370477,0.34038794190629523,1.8486189817172073e-33,linear_spg_eta=1000.0,Beta (easy),10,50
360,370000,0.15961205353852617,0.34038794646147386,1.3281311764685483e-33,linear_spg_eta=1000.0,Beta (easy),10,50
361,380000,0.1596120495131805,0.3403879504868195,9.720272074960222e-34,linear_spg_eta=1000.0,Beta (easy),10,50
362,390000,0.15961204595655942,0.34038795404344063,7.247952086743758e-34,linear_spg_eta=1000.0,Beta (easy),10,50
363,400000,0.15961204280034907,0.3403879571996509,5.4990580504308695e-34,linear_spg_eta=1000.0,Beta (easy),10,50
364,410000,0.15961203994601122,0.3403879600539888,4.223250198291617e-34,linear_spg_eta=1000.0,Beta (easy),10,50
365,414924,0.15961203865220752,0.3403879613477925,3.7287478007093807e-34,linear_spg_eta=1000.0,Beta (easy),10,50
366,0,0.363333377357685,0.136666622642315,0.16666666666666666,linear_spg_eta=1000.0,Beta (easy),10,51
367,1,0.5,-1.0622953505672014e-34,1.0,linear_spg_eta=1000.0,Beta (easy),10,51
368,0,0.363333377357685,0.136666622642315,0.16666666666666666,linear_spg_eta=1000.0,Beta (easy),10,52
369,1,0.3994616825598457,0.10053831744015429,6.254652562485424e-116,linear_spg_eta=1000.0,Beta (easy),10,52
370,0,0.363333377357685,0.136666622642315,0.16666666666666666,linear_spg_eta=1000.0,Beta (easy),10,53
371,1,0.15961198869540422,0.3403880113045958,2.0097318326420905e-61,linear_spg_eta=1000.0,Beta (easy),10,53
372,0,0.363333377357685,0.136666622642315,0.16666666666666666,linear_spg_eta=1000.0,Beta (easy),10,54
373,1,0.49999999999999983,1.647177145167233e-16,0.999999999999998,linear_spg_eta=1000.0,Beta (easy),10,54
374,0,0.26015964989303864,0.23984035010696136,0.16666666666666666,linear_spg_eta=1000.0,Beta (easy),11,55
375,10000,0.36925990348920606,0.13074009651079396,7.715042571681898e-07,linear_spg_eta=1000.0,Beta (easy),11,55
376,20000,0.3692598530961724,0.13074014690382765,3.844892564162767e-07,linear_spg_eta=1000.0,Beta (easy),11,55
377,30000,0.3692598365981472,0.1307401634018528,2.570456432965692e-07,linear_spg_eta=1000.0,Beta (easy),11,55
378,40000,0.36925982833503,0.13074017166496996,1.9273188430624295e-07,linear_spg_eta=1000.0,Beta (easy),11,55
379,50000,0.36925982339463714,0.13074017660536283,1.5392757656480315e-07,linear_spg_eta=1000.0,Beta (easy),11,55
380,59294,0.3692598203373636,0.1307401796626364,1.2966964174708988e-07,linear_spg_eta=1000.0,Beta (easy),11,55
381,0,0.26015964989303864,0.23984035010696136,0.16666666666666666,linear_spg_eta=1000.0,Beta (easy),11,56
382,10000,0.36925987537306887,0.13074012462693116,5.147896003198812e-07,linear_spg_eta=1000.0,Beta (easy),11,56
383,20000,0.3692598484561761,0.1307401515438239,3.089088190821384e-07,linear_spg_eta=1000.0,Beta (easy),11,56
384,30000,0.3692598369386976,0.13074016306130237,2.2081442175353936e-07,linear_spg_eta=1000.0,Beta (easy),11,56
385,40000,0.3692598305687811,0.1307401694312189,1.7209247594992742e-07,linear_spg_eta=1000.0,Beta (easy),11,56
386,50000,0.36925982651377537,0.13074017348622463,1.4107672162940414e-07,linear_spg_eta=1000.0,Beta (easy),11,56
387,54897,0.3692598250189722,0.13074017498102777,1.2964333516031815e-07,linear_spg_eta=1000.0,Beta (easy),11,56
388,0,0.26015964989303864,0.23984035010696136,0.16666666666666666,linear_spg_eta=1000.0,Beta (easy),11,57
389,1,0.5,-3.800497694395989e-49,1.0,linear_spg_eta=1000.0,Beta (easy),11,57
390,0,0.26015964989303864,0.23984035010696136,0.16666666666666666,linear_spg_eta=1000.0,Beta (easy),11,58
391,10000,0.36925990443705803,0.13074009556294197,7.370929996505108e-07,linear_spg_eta=1000.0,Beta (easy),11,58
392,20000,0.3692598575321039,0.1307401424678961,3.7832838873778026e-07,linear_spg_eta=1000.0,Beta (easy),11,58
393,30000,0.36925984134423595,0.13074015865576405,2.5451131557340136e-07,linear_spg_eta=1000.0,Beta (easy),11,58
394,40000,0.3692598331309079,0.13074016686909218,1.9168956203618182e-07,linear_spg_eta=1000.0,Beta (easy),11,58
395,50000,0.36925982817981196,0.13074017182018804,1.5381983113200395e-07,linear_spg_eta=1000.0,Beta (easy),11,58
396,59416,0.36925982501890187,0.1307401749810981,1.2964279682841185e-07,linear_spg_eta=1000.0,Beta (easy),11,58
397,0,0.26015964989303864,0.23984035010696136,0.16666666666666666,linear_spg_eta=1000.0,Beta (easy),11,59
398,2,0.5,-9.71080152181515e-29,1.0,linear_spg_eta=1000.0,Beta (easy),11,59
399,0,0.2475801148996269,0.25241988510037305,0.16666666666666666,linear_spg_eta=1000.0,Beta (easy),12,60
400,2718,0.15934361916818082,0.3406563808318192,2.566827317823493e-44,linear_spg_eta=1000.0,Beta (easy),12,60
401,0,0.2475801148996269,0.25241988510037305,0.16666666666666666,linear_spg_eta=1000.0,Beta (easy),12,61
402,10000,0.11737469731431578,0.38262530268568423,8.906187159920394e-18,linear_spg_eta=1000.0,Beta (easy),12,61
403,20000,0.1173745649373924,0.3826254350626076,2.7613342455606732e-18,linear_spg_eta=1000.0,Beta (easy),12,61
404,30000,0.11737452125856287,0.38262547874143715,1.4003205661585372e-18,linear_spg_eta=1000.0,Beta (easy),12,61
405,40000,0.11737449897257779,0.3826255010274222,8.557278619783948e-19,linear_spg_eta=1000.0,Beta (easy),12,61
406,50000,0.11737448595885033,0.3826255140411497,5.895559463426666e-19,linear_spg_eta=1000.0,Beta (easy),12,61
407,60000,0.1173744772409217,0.38262552275907835,4.3431456624221505e-19,linear_spg_eta=1000.0,Beta (easy),12,61
408,70000,0.11737447107810416,0.3826255289218959,3.3642997403179056e-19,linear_spg_eta=1000.0,Beta (easy),12,61
409,80000,0.11737446646226955,0.38262553353773043,2.6987945042436704e-19,linear_spg_eta=1000.0,Beta (easy),12,61
410,81723,0.11737446577714353,0.3826255342228564,2.605118210785719e-19,linear_spg_eta=1000.0,Beta (easy),12,61
411,0,0.2475801148996269,0.25241988510037305,0.16666666666666666,linear_spg_eta=1000.0,Beta (easy),12,62
412,1,0.24230191606981336,0.25769808393018667,2.7708564937374003e-63,linear_spg_eta=1000.0,Beta (easy),12,62
413,0,0.2475801148996269,0.25241988510037305,0.16666666666666666,linear_spg_eta=1000.0,Beta (easy),12,63
414,1,0.24230191606981336,0.25769808393018667,3.9188160207362205e-61,linear_spg_eta=1000.0,Beta (easy),12,63
415,0,0.2475801148996269,0.25241988510037305,0.16666666666666666,linear_spg_eta=1000.0,Beta (easy),12,64
416,10000,0.11737469790965666,0.38262530209034334,6.117095348710829e-16,linear_spg_eta=1000.0,Beta (easy),12,64
417,20000,0.11737456510634316,0.38262543489365686,1.8942261371703703e-16,linear_spg_eta=1000.0,Beta (easy),12,64
418,30000,0.11737452153857847,0.38262547846142153,9.638040913526098e-17,linear_spg_eta=1000.0,Beta (easy),12,64
419,40000,0.11737449971409478,0.3826255002859052,5.970691505860825e-17,linear_spg_eta=1000.0,Beta (easy),12,64
420,50000,0.1173744865289569,0.38262551347104307,4.1105688372097044e-17,linear_spg_eta=1000.0,Beta (easy),12,64
421,60000,0.11737447782572626,0.3826255221742737,3.040874277778245e-17,linear_spg_eta=1000.0,Beta (easy),12,64
422,70000,0.11737447146540836,0.38262552853459164,2.343613978731523e-17,linear_spg_eta=1000.0,Beta (easy),12,64
423,80000,0.11737446659003481,0.3826255334099652,1.859957053459102e-17,linear_spg_eta=1000.0,Beta (easy),12,64
424,82021,0.11737446576985755,0.38262553423014245,1.7830791487726618e-17,linear_spg_eta=1000.0,Beta (easy),12,64
425,0,0.2716998538876332,0.22830014611236685,0.16666666666666666,linear_spg_eta=1000.0,Beta (easy),13,65
426,1,0.49999999999695033,3.0496986340075112e-12,0.9999999999419626,linear_spg_eta=1000.0,Beta (easy),13,65
427,0,0.2716998538876332,0.22830014611236685,0.16666666666666666,linear_spg_eta=1000.0,Beta (easy),13,66
428,1,0.4999999999966517,3.3483390805927044e-12,0.9999999999362787,linear_spg_eta=1000.0,Beta (easy),13,66
429,0,0.2716998538876332,0.22830014611236685,0.16666666666666666,linear_spg_eta=1000.0,Beta (easy),13,67
430,1,0.4474529085794677,0.05254709142053234,7.511807910143394e-12,linear_spg_eta=1000.0,Beta (easy),13,67
431,0,0.2716998538876332,0.22830014611236685,0.16666666666666666,linear_spg_eta=1000.0,Beta (easy),13,68
432,2,0.09772588591892709,0.4022741140810729,3.202857653668314e-11,linear_spg_eta=1000.0,Beta (easy),13,68
433,0,0.2716998538876332,0.22830014611236685,0.16666666666666666,linear_spg_eta=1000.0,Beta (easy),13,69
434,1,0.499999978372353,2.162764698195963e-08,0.9999995884140043,linear_spg_eta=1000.0,Beta (easy),13,69
435,0,0.28171364645443164,0.21828635354556838,0.16666666666666666,linear_spg_eta=1000.0,Beta (easy),14,70
436,1,0.5,-1.3556291854068904e-36,1.0,linear_spg_eta=1000.0,Beta (easy),14,70
437,0,0.28171364645443164,0.21828635354556838,0.16666666666666666,linear_spg_eta=1000.0,Beta (easy),14,71
438,10000,0.14337757104533674,0.3566224289546633,2.5581381326045583e-22,linear_spg_eta=1000.0,Beta (easy),14,71
439,20000,0.14337730297851628,0.35662269702148375,3.028467132081881e-23,linear_spg_eta=1000.0,Beta (easy),14,71
440,30000,0.14337720228578504,0.35662279771421496,7.993798505792444e-24,linear_spg_eta=1000.0,Beta (easy),14,71
441,40000,0.14337714775410593,0.356622852245894,2.9770271263916875e-24,linear_spg_eta=1000.0,Beta (easy),14,71
442,50000,0.14337711347428422,0.3566228865257158,1.3581692482400389e-24,linear_spg_eta=1000.0,Beta (easy),14,71
443,60000,0.14337708995557005,0.3566229100444299,7.093498851821277e-25,linear_spg_eta=1000.0,Beta (easy),14,71
444,70000,0.14337707271497788,0.35662292728502215,4.063406930667111e-25,linear_spg_eta=1000.0,Beta (easy),14,71
445,80000,0.14337705971807368,0.3566229402819263,2.5127363947745487e-25,linear_spg_eta=1000.0,Beta (easy),14,71
446,90000,0.14337704938548368,0.3566229506145163,1.634467600305039e-25,linear_spg_eta=1000.0,Beta (easy),14,71
447,100000,0.14337704096005374,0.3566229590399463,1.1065860420454958e-25,linear_spg_eta=1000.0,Beta (easy),14,71
448,110000,0.1433770340571352,0.3566229659428648,7.783682053721586e-26,linear_spg_eta=1000.0,Beta (easy),14,71
449,120000,0.14337702837042082,0.35662297162957907,5.67431004939829e-26,linear_spg_eta=1000.0,Beta (easy),14,71
450,130000,0.14337702346559208,0.3566229765344079,4.22421937541944e-26,linear_spg_eta=1000.0,Beta (easy),14,71
451,140000,0.14337701923675192,0.3566229807632481,3.2120091362886575e-26,linear_spg_eta=1000.0,Beta (easy),14,71
452,150000,0.14337701556350027,0.35662298443649965,2.489415288903521e-26,linear_spg_eta=1000.0,Beta (easy),14,71
453,160000,0.1433770122982302,0.3566229877017698,1.9550724301773597e-26,linear_spg_eta=1000.0,Beta (easy),14,71
454,170000,0.1433770093877766,0.3566229906122234,1.555033016022807e-26,linear_spg_eta=1000.0,Beta (easy),14,71
455,180000,0.1433770068229241,0.3566229931770759,1.255854432634441e-26,linear_spg_eta=1000.0,Beta (easy),14,71
456,190000,0.14337700453221344,0.35662299546778664,1.0267563448190853e-26,linear_spg_eta=1000.0,Beta (easy),14,71
457,200000,0.14337700246583188,0.35662299753416815,8.480735851429385e-27,linear_spg_eta=1000.0,Beta (easy),14,71
458,210000,0.1433770006199334,0.35662299938006664,7.089290737100438e-27,linear_spg_eta=1000.0,Beta (easy),14,71
459,220000,0.14337699889039474,0.3566230011096053,5.946148577887222e-27,linear_spg_eta=1000.0,Beta (easy),14,71
460,230000,0.14337699731966128,0.3566230026803387,5.031775107483975e-27,linear_spg_eta=1000.0,Beta (easy),14,71
461,236515,0.1433769963334024,0.3566230036665976,4.513641556827549e-27,linear_spg_eta=1000.0,Beta (easy),14,71
462,0,0.28171364645443164,0.21828635354556838,0.16666666666666666,linear_spg_eta=1000.0,Beta (easy),14,72
463,173,0.1433769619770416,0.35662303802295836,2.3350385244810092e-54,linear_spg_eta=1000.0,Beta (easy),14,72
464,0,0.28171364645443164,0.21828635354556838,0.16666666666666666,linear_spg_eta=1000.0,Beta (easy),14,73
465,10000,0.29256536528192784,0.20743463471807216,2.156251154145775e-13,linear_spg_eta=1000.0,Beta (easy),14,73
466,20000,0.2925653506286339,0.20743464937136605,6.898251719231272e-14,linear_spg_eta=1000.0,Beta (easy),14,73
467,30000,0.29256534580532667,0.20743465419467333,3.569371941064899e-14,linear_spg_eta=1000.0,Beta (easy),14,73
468,40000,0.29256534335294127,0.2074346566470587,2.2181253848399644e-14,linear_spg_eta=1000.0,Beta (easy),14,73
469,50000,0.2925653419052471,0.20743465809475295,1.5417380950583314e-14,linear_spg_eta=1000.0,Beta (easy),14,73
470,60000,0.2925653409365692,0.2074346590634308,1.1440160615532421e-14,linear_spg_eta=1000.0,Beta (easy),14,73
471,70000,0.29256534024300984,0.2074346597569901,8.882248938369186e-15,linear_spg_eta=1000.0,Beta (easy),14,73
472,80000,0.29256533973236004,0.2074346602676399,7.162738579241662e-15,linear_spg_eta=1000.0,Beta (easy),14,73
473,90000,0.2925653393295375,0.20743466067046254,5.909381387184025e-15,linear_spg_eta=1000.0,Beta (easy),14,73
474,100000,0.2925653390047261,0.20743466099527388,4.967931541898215e-15,linear_spg_eta=1000.0,Beta (easy),14,73
475,110000,0.2925653387372834,0.20743466126271656,4.241003685419419e-15,linear_spg_eta=1000.0,Beta (easy),14,73
476,120000,0.29256533852008026,0.20743466147991974,3.6838608804905805e-15,linear_spg_eta=1000.0,Beta (easy),14,73
477,130000,0.29256533833394416,0.20743466166605587,3.23089276442715e-15,linear_spg_eta=1000.0,Beta (easy),14,73
478,139417,0.2925653381827279,0.20743466181727208,2.8800360804875074e-15,linear_spg_eta=1000.0,Beta (easy),14,73
479,0,0.28171364645443164,0.21828635354556838,0.16666666666666666,linear_spg_eta=1000.0,Beta (easy),14,74
480,3,0.2042665186849954,0.2957334813150046,9.134723588787332e-26,linear_spg_eta=1000.0,Beta (easy),14,74
481,0,0.32423944352489076,0.17576055647510927,0.16666666666666666,linear_spg_eta=1000.0,Beta (easy),15,75
482,1,0.5,-7.124211652266914e-55,1.0,linear_spg_eta=1000.0,Beta (easy),15,75
483,0,0.32423944352489076,0.17576055647510927,0.16666666666666666,linear_spg_eta=1000.0,Beta (easy),15,76
484,10000,0.1703251685582015,0.32967483144179854,7.954838741760997e-13,linear_spg_eta=1000.0,Beta (easy),15,76
485,20000,0.1703246369656661,0.3296753630343339,1.8653450877516518e-13,linear_spg_eta=1000.0,Beta (easy),15,76
486,30000,0.17032445898140497,0.32967554101859503,7.966445851981713e-14,linear_spg_eta=1000.0,Beta (easy),15,76
487,40000,0.17032437071622095,0.3296756292837791,4.379088378101866e-14,linear_spg_eta=1000.0,Beta (easy),15,76
488,50000,0.17032431789427294,0.3296756821057271,2.7585975814452763e-14,linear_spg_eta=1000.0,Beta (easy),15,76
489,60000,0.1703242828801762,0.3296757171198238,1.8968557433655575e-14,linear_spg_eta=1000.0,Beta (easy),15,76
490,70000,0.17032425752746952,0.32967574247253045,1.3767907980089358e-14,linear_spg_eta=1000.0,Beta (easy),15,76
491,80000,0.17032423863649085,0.3296757613635092,1.0452185757903214e-14,linear_spg_eta=1000.0,Beta (easy),15,76
492,90000,0.1703242237117299,0.32967577628827005,8.166362098449712e-15,linear_spg_eta=1000.0,Beta (easy),15,76
493,100000,0.17032421200536318,0.32967578799463687,6.57748831655066e-15,linear_spg_eta=1000.0,Beta (easy),15,76
494,110000,0.17032420229181516,0.3296757977081848,5.3940216054077075e-15,linear_spg_eta=1000.0,Beta (easy),15,76
495,120000,0.17032419425251394,0.329675805747486,4.506342712014057e-15,linear_spg_eta=1000.0,Beta (easy),15,76
496,130000,0.17032418733188226,0.3296758126681178,3.808289668236176e-15,linear_spg_eta=1000.0,Beta (easy),15,76
497,140000,0.17032418141365882,0.3296758185863412,3.259534269538752e-15,linear_spg_eta=1000.0,Beta (easy),15,76
498,150000,0.17032417634502825,0.3296758236549718,2.82465546035916e-15,linear_spg_eta=1000.0,Beta (easy),15,76
499,160000,0.17032417184396761,0.3296758281560324,2.4654672534803532e-15,linear_spg_eta=1000.0,Beta (easy),15,76
500,170000,0.17032416798365468,0.32967583201634526,2.177533253694367e-15,linear_spg_eta=1000.0,Beta (easy),15,76
501,180000,0.1703241645077092,0.3296758354922908,1.934087909140509e-15,linear_spg_eta=1000.0,Beta (easy),15,76
502,190000,0.17032416140068501,0.329675838599315,1.7291114413387074e-15,linear_spg_eta=1000.0,Beta (easy),15,76
503,200000,0.1703241585873982,0.32967584141260176,1.553754506003579e-15,linear_spg_eta=1000.0,Beta (easy),15,76
504,210000,0.17032415604879608,0.3296758439512039,1.4038391212709004e-15,linear_spg_eta=1000.0,Beta (easy),15,76
505,220000,0.17032415379676916,0.3296758462032308,1.2774287685221434e-15,linear_spg_eta=1000.0,Beta (easy),15,76
506,230000,0.17032415170658058,0.3296758482934194,1.1656195382774901e-15,linear_spg_eta=1000.0,Beta (easy),15,76
507,240000,0.17032414978536953,0.3296758502146305,1.0675178496937666e-15,linear_spg_eta=1000.0,Beta (easy),15,76
508,248166,0.17032414832056372,0.32967585167943625,9.95716550989725e-16,linear_spg_eta=1000.0,Beta (easy),15,76
509,0,0.32423944352489076,0.17576055647510927,0.16666666666666666,linear_spg_eta=1000.0,Beta (easy),15,77
510,10000,0.4999999274560404,7.254395962565431e-08,0.9999995353910787,linear_spg_eta=1000.0,Beta (easy),15,77
511,20000,0.4999999546866589,4.531334108826982e-08,0.999999709936696,linear_spg_eta=1000.0,Beta (easy),15,77
512,30000,0.49999996700338295,3.299661709277171e-08,0.9999997888669638,linear_spg_eta=1000.0,Beta (easy),15,77
513,40000,0.49999997398929785,2.601070214039953e-08,0.9999998336263581,linear_spg_eta=1000.0,Beta (easy),15,77
514,50000,0.49999997844283933,2.155716066631475e-08,0.9999998621555483,linear_spg_eta=1000.0,Beta (easy),15,77
515,54276,0.49999997990063866,2.0099361308471482e-08,0.9999998714930317,linear_spg_eta=1000.0,Beta (easy),15,77
516,0,0.32423944352489076,0.17576055647510927,0.16666666666666666,linear_spg_eta=1000.0,Beta (easy),15,78
517,10000,0.26705388069356983,0.23294611930643017,1.2243197679775322e-30,linear_spg_eta=1000.0,Beta (easy),15,78
518,20000,0.26705410757973586,0.23294589242026412,2.0306305129346755e-30,linear_spg_eta=1000.0,Beta (easy),15,78
519,30000,0.2670541957300685,0.2329458042699315,2.7901510628965223e-30,linear_spg_eta=1000.0,Beta (easy),15,78
520,40000,0.2670542425170258,0.2329457574829742,3.517332299397444e-30,linear_spg_eta=1000.0,Beta (easy),15,78
521,50000,0.2670542718444672,0.23294572815553283,4.229744982959336e-30,linear_spg_eta=1000.0,Beta (easy),15,78
522,60000,0.26705429158462757,0.23294570841537243,4.9166715072202024e-30,linear_spg_eta=1000.0,Beta (easy),15,78
523,70000,0.26705430597993424,0.23294569402006576,5.592665390280076e-30,linear_spg_eta=1000.0,Beta (easy),15,78
524,80000,0.26705431680063707,0.2329456831993629,6.250006089254604e-30,linear_spg_eta=1000.0,Beta (easy),15,78
525,90000,0.26705432534869544,0.2329456746513046,6.900622662445394e-30,linear_spg_eta=1000.0,Beta (easy),15,78
526,100000,0.26705433226758696,0.23294566773241301,7.545149550095395e-30,linear_spg_eta=1000.0,Beta (easy),15,78
527,110000,0.26705433805156176,0.23294566194843822,8.192903114208274e-30,linear_spg_eta=1000.0,Beta (easy),15,78
528,120000,0.2670543428760718,0.23294565712392823,8.832705954632374e-30,linear_spg_eta=1000.0,Beta (easy),15,78
529,130000,0.2670543468603635,0.23294565313963653,9.44841508487226e-30,linear_spg_eta=1000.0,Beta (easy),15,78
530,140000,0.26705435031627267,0.2329456496837273,1.006263868638161e-29,linear_spg_eta=1000.0,Beta (easy),15,78
531,150000,0.2670543532884995,0.23294564671150045,1.0664145104474628e-29,linear_spg_eta=1000.0,Beta (easy),15,78
532,151611,0.26705435374012143,0.23294564625987854,1.0762381433548237e-29,linear_spg_eta=1000.0,Beta (easy),15,78
533,0,0.32423944352489076,0.17576055647510927,0.16666666666666666,linear_spg_eta=1000.0,Beta (easy),15,79
534,10000,0.267053752955417,0.232946247044583,4.671997841173e-47,linear_spg_eta=1000.0,Beta (easy),15,79
535,20000,0.26705406980900115,0.23294593019099885,8.443937031737595e-47,linear_spg_eta=1000.0,Beta (easy),15,79
536,30000,0.267054177469626,0.23294582253037402,1.1970716790902188e-46,linear_spg_eta=1000.0,Beta (easy),15,79
537,40000,0.267054231310753,0.232945768689247,1.5313551073920825e-46,linear_spg_eta=1000.0,Beta (easy),15,79
538,50000,0.26705426433665824,0.23294573566334173,1.8605333780870766e-46,linear_spg_eta=1000.0,Beta (easy),15,79
539,60000,0.26705428646083956,0.23294571353916046,2.1831819787841663e-46,linear_spg_eta=1000.0,Beta (easy),15,79
540,70000,0.26705430219288606,0.23294569780711394,2.4979097392427953e-46,linear_spg_eta=1000.0,Beta (easy),15,79
541,80000,0.2670543138571847,0.2329456861428153,2.8030279751189795e-46,linear_spg_eta=1000.0,Beta (easy),15,79
542,90000,0.26705432306141563,0.23294567693858437,3.1073411259804726e-46,linear_spg_eta=1000.0,Beta (easy),15,79
543,100000,0.26705433038363874,0.23294566961636123,3.405685478371815e-46,linear_spg_eta=1000.0,Beta (easy),15,79
544,110000,0.26705433637183595,0.23294566362816405,3.699922416682039e-46,linear_spg_eta=1000.0,Beta (easy),15,79
545,120000,0.2670543413617044,0.23294565863829556,3.990546060196736e-46,linear_spg_eta=1000.0,Beta (easy),15,79
546,130000,0.26705434556513474,0.23294565443486523,4.276518222194768e-46,linear_spg_eta=1000.0,Beta (easy),15,79
547,140000,0.2670543491997378,0.23294565080026214,4.561966710858504e-46,linear_spg_eta=1000.0,Beta (easy),15,79
548,150000,0.26705435232386987,0.23294564767613013,4.842310613544672e-46,linear_spg_eta=1000.0,Beta (easy),15,79
549,154919,0.267054353740424,0.232945646259576,4.982026879620578e-46,linear_spg_eta=1000.0,Beta (easy),15,79
550,0,0.32263218980286323,0.17736781019713677,0.16666666666666666,linear_spg_eta=1000.0,Beta (easy),16,80
551,1,0.5,-4.6835234479538883e-26,1.0,linear_spg_eta=1000.0,Beta (easy),16,80
552,0,0.32263218980286323,0.17736781019713677,0.16666666666666666,linear_spg_eta=1000.0,Beta (easy),16,81
553,2103,0.0591397201297864,0.44086027987021364,1.1833207920229925e-141,linear_spg_eta=1000.0,Beta (easy),16,81
554,0,0.32263218980286323,0.17736781019713677,0.16666666666666666,linear_spg_eta=1000.0,Beta (easy),16,82
555,1,0.35005323402855226,0.14994676597144774,1.7836428736823145e-38,linear_spg_eta=1000.0,Beta (easy),16,82
556,0,0.32263218980286323,0.17736781019713677,0.16666666666666666,linear_spg_eta=1000.0,Beta (easy),16,83
557,2,0.35005323402855226,0.14994676597144774,1.1985355816751142e-40,linear_spg_eta=1000.0,Beta (easy),16,83
558,0,0.32263218980286323,0.17736781019713677,0.16666666666666666,linear_spg_eta=1000.0,Beta (easy),16,84
559,1,0.5,-4.65203481836453e-21,1.0,linear_spg_eta=1000.0,Beta (easy),16,84
560,0,0.32743363722937774,0.1725663627706223,0.16666666666666666,linear_spg_eta=1000.0,Beta (easy),17,85
561,3,0.4999999999999998,2.160622592337106e-16,0.9999999999999212,linear_spg_eta=1000.0,Beta (easy),17,85
562,0,0.32743363722937774,0.1725663627706223,0.16666666666666666,linear_spg_eta=1000.0,Beta (easy),17,86
563,1,0.49999999948204027,5.179597248582006e-10,0.9999998470101151,linear_spg_eta=1000.0,Beta (easy),17,86
564,0,0.32743363722937774,0.1725663627706223,0.16666666666666666,linear_spg_eta=1000.0,Beta (easy),17,87
565,1,0.415369399119565,0.084630600880435,4.3069129750875134e-108,linear_spg_eta=1000.0,Beta (easy),17,87
566,0,0.32743363722937774,0.1725663627706223,0.16666666666666666,linear_spg_eta=1000.0,Beta (easy),17,88
567,10000,0.10396978426047258,0.39603021573952746,1.6947797986277527e-17,linear_spg_eta=1000.0,Beta (easy),17,88
568,20000,0.10396957330568657,0.39603042669431343,3.2109497890143486e-18,linear_spg_eta=1000.0,Beta (easy),17,88
569,30000,0.1039695024438838,0.3960304975561162,1.2000158007889345e-18,linear_spg_eta=1000.0,Beta (easy),17,88
570,40000,0.10396946740256661,0.3960305325974334,5.998718225238417e-19,linear_spg_eta=1000.0,Beta (easy),17,88
571,50000,0.10396944623390561,0.3960305537660944,3.4852500273208786e-19,linear_spg_eta=1000.0,Beta (easy),17,88
572,60000,0.10396943255614362,0.39603056744385634,2.266568390453966e-19,linear_spg_eta=1000.0,Beta (easy),17,88
573,70000,0.10396942298437697,0.39603057701562305,1.5894015613531975e-19,linear_spg_eta=1000.0,Beta (easy),17,88
574,80000,0.10396941548783233,0.39603058451216766,1.1540348252239448e-19,linear_spg_eta=1000.0,Beta (easy),17,88
575,90000,0.103969409809428,0.39603059019057196,8.769481519955045e-20,linear_spg_eta=1000.0,Beta (easy),17,88
576,100000,0.10396940513932217,0.3960305948606778,6.815425048672834e-20,linear_spg_eta=1000.0,Beta (easy),17,88
577,110000,0.10396940128709102,0.39603059871290897,5.415193798026255e-20,linear_spg_eta=1000.0,Beta (easy),17,88
578,120000,0.10396939812385839,0.3960306018761416,4.4031054199526677e-20,linear_spg_eta=1000.0,Beta (easy),17,88
579,130000,0.10396939543507862,0.3960306045649214,3.637132056309243e-20,linear_spg_eta=1000.0,Beta (easy),17,88
580,140000,0.10396939312721158,0.3960306068727884,3.04663449376886e-20,linear_spg_eta=1000.0,Beta (easy),17,88
581,150000,0.10396939108052211,0.3960306089194779,2.5732073517244752e-20,linear_spg_eta=1000.0,Beta (easy),17,88
582,160000,0.10396938935846743,0.39603061064153255,2.21047060597352e-20,linear_spg_eta=1000.0,Beta (easy),17,88
583,170000,0.10396938779403324,0.39603061220596675,1.9084195549820598e-20,linear_spg_eta=1000.0,Beta (easy),17,88
584,180000,0.10396938643995018,0.3960306135600498,1.6676086455821583e-20,linear_spg_eta=1000.0,Beta (easy),17,88
585,190000,0.10396938520291901,0.396030614797081,1.4639690331993727e-20,linear_spg_eta=1000.0,Beta (easy),17,88
586,200000,0.10396938406952626,0.39603061593047373,1.2908069819793423e-20,linear_spg_eta=1000.0,Beta (easy),17,88
587,206554,0.10396938338820869,0.3960306166117913,1.1927749901208614e-20,linear_spg_eta=1000.0,Beta (easy),17,88
588,0,0.32743363722937774,0.1725663627706223,0.16666666666666666,linear_spg_eta=1000.0,Beta (easy),17,89
589,1408,0.49999997936006446,2.0639935546872404e-08,0.999993903577007,linear_spg_eta=1000.0,Beta (easy),17,89
590,0,0.34730840519944595,0.15269159480055405,0.16666666666666666,linear_spg_eta=1000.0,Beta (easy),18,90
591,10000,0.24227220932650534,0.25772779067349466,1.559122476322235e-15,linear_spg_eta=1000.0,Beta (easy),18,90
592,20000,0.24227215890949153,0.2577278410905085,3.1424051439289907e-16,linear_spg_eta=1000.0,Beta (easy),18,90
593,30000,0.24227214230145147,0.25772785769854856,1.243546685894079e-16,linear_spg_eta=1000.0,Beta (easy),18,90
594,39589,0.24227213421066576,0.2577278657893342,6.57745801169179e-17,linear_spg_eta=1000.0,Beta (easy),18,90
595,0,0.34730840519944595,0.15269159480055405,0.16666666666666666,linear_spg_eta=1000.0,Beta (easy),18,91
596,1,0.3787387259838681,0.1212612740161319,2.3354250885740745e-47,linear_spg_eta=1000.0,Beta (easy),18,91
597,0,0.34730840519944595,0.15269159480055405,0.16666666666666666,linear_spg_eta=1000.0,Beta (easy),18,92
598,1,0.34640893491790453,0.15359106508209547,1.4252072777279198e-22,linear_spg_eta=1000.0,Beta (easy),18,92
599,0,0.34730840519944595,0.15269159480055405,0.16666666666666666,linear_spg_eta=1000.0,Beta (easy),18,93
600,1,0.24227210886625827,0.2577278911337417,3.8072240186200332e-84,linear_spg_eta=1000.0,Beta (easy),18,93
601,0,0.34730840519944595,0.15269159480055405,0.16666666666666666,linear_spg_eta=1000.0,Beta (easy),18,94
602,10000,0.49999990797982524,9.202017476390216e-08,0.9999992411428443,linear_spg_eta=1000.0,Beta (easy),18,94
603,20000,0.49999995362301247,4.637698752732229e-08,0.9999996175460798,linear_spg_eta=1000.0,Beta (easy),18,94
604,30000,0.4999999690394436,3.0960556393703785e-08,0.9999997446798893,linear_spg_eta=1000.0,Beta (easy),18,94
605,40000,0.499999976759741,2.324025898991078e-08,0.9999998083464082,linear_spg_eta=1000.0,Beta (easy),18,94
606,47500,0.49999998044480676,1.955519325321288e-08,0.999999838735814,linear_spg_eta=1000.0,Beta (easy),18,94
607,0,0.36819758634801275,0.13180241365198722,0.16666666666666666,linear_spg_eta=1000.0,Beta (easy),19,95
608,10000,0.2316832327772047,0.2683167672227953,4.213980276680041e-25,linear_spg_eta=1000.0,Beta (easy),19,95
609,20000,0.23168322802046362,0.2683167719795364,3.2177696721162547e-25,linear_spg_eta=1000.0,Beta (easy),19,95
610,30000,0.23168322459535348,0.26831677540464655,2.5583907959386684e-25,linear_spg_eta=1000.0,Beta (easy),19,95
611,40000,0.2316832220614962,0.2683167779385038,2.104305234273694e-25,linear_spg_eta=1000.0,Beta (easy),19,95
612,45173,0.23168322095882143,0.26831677904117857,1.916184964411054e-25,linear_spg_eta=1000.0,Beta (easy),19,95
613,0,0.36819758634801275,0.13180241365198722,0.16666666666666666,linear_spg_eta=1000.0,Beta (easy),19,96
614,10000,0.237222910186494,0.262777089813506,1.7927072183760072e-07,linear_spg_eta=1000.0,Beta (easy),19,96
615,20000,0.2372227756014839,0.26277722439851614,9.574867422711394e-08,linear_spg_eta=1000.0,Beta (easy),19,96
616,30000,0.23722272858037394,0.2627772714196261,6.561043998631042e-08,linear_spg_eta=1000.0,Beta (easy),19,96
617,40000,0.23722270494768838,0.2627772950523116,5.023618980265774e-08,linear_spg_eta=1000.0,Beta (easy),19,96
618,50000,0.2372226903904278,0.26277730960957213,4.068179847921976e-08,linear_spg_eta=1000.0,Beta (easy),19,96
619,60000,0.23722268063139276,0.2627773193686073,3.423808395244854e-08,linear_spg_eta=1000.0,Beta (easy),19,96
620,70000,0.2372226734623366,0.26277732653766334,2.9483773191072777e-08,linear_spg_eta=1000.0,Beta (easy),19,96
621,80000,0.23722266810525222,0.2627773318947478,2.591925074454326e-08,linear_spg_eta=1000.0,Beta (easy),19,96
622,90000,0.23722266390030364,0.2627773360996964,2.311406049322102e-08,linear_spg_eta=1000.0,Beta (easy),19,96
623,100000,0.23722266058658764,0.26277733941341236,2.089884120241793e-08,linear_spg_eta=1000.0,Beta (easy),19,96
624,110000,0.2372226578125041,0.2627773421874959,1.9041228820752895e-08,linear_spg_eta=1000.0,Beta (easy),19,96
625,120000,0.2372226555052413,0.26277734449475865,1.7494027237745743e-08,linear_spg_eta=1000.0,Beta (easy),19,96
626,124156,0.23722265464023082,0.26277734535976915,1.6913457771741473e-08,linear_spg_eta=1000.0,Beta (easy),19,96
627,0,0.36819758634801275,0.13180241365198722,0.16666666666666666,linear_spg_eta=1000.0,Beta (easy),19,97
628,1,0.49999999999999983,1.753870348951446e-16,0.9999999999999933,linear_spg_eta=1000.0,Beta (easy),19,97
629,0,0.36819758634801275,0.13180241365198722,0.16666666666666666,linear_spg_eta=1000.0,Beta (easy),19,98
630,1,0.23168320377967583,0.26831679622032417,1.3340484905557591e-51,linear_spg_eta=1000.0,Beta (easy),19,98
631,0,0.36819758634801275,0.13180241365198722,0.16666666666666666,linear_spg_eta=1000.0,Beta (easy),19,99
632,10000,0.4999998740291616,1.259708384052911e-07,0.9999962985916441,linear_spg_eta=1000.0,Beta (easy),19,99
633,20000,0.49999993702986634,6.297013368689146e-08,0.9999981497449548,linear_spg_eta=1000.0,Beta (easy),19,99
634,29259,0.49999995694552657,4.30544734164504e-08,0.9999987349279432,linear_spg_eta=1000.0,Beta (easy),19,99
635,0,0.3074799547563527,0.19252004524364735,0.16666666666666666,linear_spg_eta=1000.0,Beta (easy),20,100
636,10,0.5,-6.290482561340726e-21,1.0,linear_spg_eta=1000.0,Beta (easy),20,100
637,0,0.3074799547563527,0.19252004524364735,0.16666666666666666,linear_spg_eta=1000.0,Beta (easy),20,101
638,1,0.3555497011267667,0.14445029887323327,5.876929767090945e-12,linear_spg_eta=1000.0,Beta (easy),20,101
639,0,0.3074799547563527,0.19252004524364735,0.16666666666666666,linear_spg_eta=1000.0,Beta (easy),20,102
640,1,0.5,-2.703815771882458e-37,1.0,linear_spg_eta=1000.0,Beta (easy),20,102
641,0,0.3074799547563527,0.19252004524364735,0.16666666666666666,linear_spg_eta=1000.0,Beta (easy),20,103
642,2,0.12653387873051947,0.37346612126948053,3.9369825433782273e-53,linear_spg_eta=1000.0,Beta (easy),20,103
643,0,0.3074799547563527,0.19252004524364735,0.16666666666666666,linear_spg_eta=1000.0,Beta (easy),20,104
644,10000,0.2526058082363832,0.24739419176361682,7.836973949436579e-07,linear_spg_eta=1000.0,Beta (easy),20,104
645,20000,0.2526057096235933,0.2473942903764067,3.851915042866365e-07,linear_spg_eta=1000.0,Beta (easy),20,104
646,30000,0.25260567788986465,0.2473943221101354,2.569787094506712e-07,linear_spg_eta=1000.0,Beta (easy),20,104
647,40000,0.2526056618903553,0.24739433810964465,1.9234974508264797e-07,linear_spg_eta=1000.0,Beta (easy),20,104
648,50000,0.25260565235430044,0.24739434764569956,1.5383745288873918e-07,linear_spg_eta=1000.0,Beta (easy),20,104
649,60000,0.25260564598305674,0.24739435401694332,1.2811185865893384e-07,linear_spg_eta=1000.0,Beta (easy),20,104
650,70000,0.25260564146722125,0.24739435853277877,1.0988169322056398e-07,linear_spg_eta=1000.0,Beta (easy),20,104
651,80000,0.25260563807310477,0.24739436192689526,9.618260516756464e-08,linear_spg_eta=1000.0,Beta (easy),20,104
652,90000,0.2526056354331111,0.24739436456688887,8.552937958239335e-08,linear_spg_eta=1000.0,Beta (easy),20,104
653,100000,0.2526056333210355,0.24739436667896456,7.700815107641026e-08,linear_spg_eta=1000.0,Beta (easy),20,104
654,110000,0.25260563158637717,0.2473943684136228,7.001098398272057e-08,linear_spg_eta=1000.0,Beta (easy),20,104
655,120000,0.2526056301406868,0.2473943698593132,6.418055734023567e-08,linear_spg_eta=1000.0,Beta (easy),20,104
656,130000,0.2526056289270505,0.24739437107294954,5.928691674161641e-08,linear_spg_eta=1000.0,Beta (easy),20,104
657,137906,0.2526056280822023,0.24739437191779765,5.5880874331430766e-08,linear_spg_eta=1000.0,Beta (easy),20,104
658,0,0.3062236067093998,0.1937763932906002,0.16666666666666666,linear_spg_eta=1000.0,Beta (easy),21,105
659,10000,0.21625753601095055,0.28374246398904945,4.97373504486558e-08,linear_spg_eta=1000.0,Beta (easy),21,105
660,20000,0.2162574078826144,0.28374259211738556,2.1030196850007892e-08,linear_spg_eta=1000.0,Beta (easy),21,105
661,30000,0.21625736436325935,0.2837426356367406,1.264448846605346e-08,linear_spg_eta=1000.0,Beta (easy),21,105
662,40000,0.2162573423614989,0.28374265763850115,8.785074596491478e-09,linear_spg_eta=1000.0,Beta (easy),21,105
663,50000,0.21625732913917906,0.28374267086082094,6.6208637299698006e-09,linear_spg_eta=1000.0,Beta (easy),21,105
664,60000,0.21625732037596515,0.2837426796240348,5.262937594200852e-09,linear_spg_eta=1000.0,Beta (easy),21,105
665,70000,0.21625731408554857,0.2837426859144514,4.331373681059518e-09,linear_spg_eta=1000.0,Beta (easy),21,105
666,80000,0.2162573093065063,0.28374269069349367,3.6507430152861226e-09,linear_spg_eta=1000.0,Beta (easy),21,105
667,90000,0.21625730558519093,0.2837426944148091,3.138685229540395e-09,linear_spg_eta=1000.0,Beta (easy),21,105
668,100000,0.21625730265029686,0.28374269734970314,2.7469411268813482e-09,linear_spg_eta=1000.0,Beta (easy),21,105
669,110000,0.21625730022201442,0.2837426997779856,2.4315487275576097e-09,linear_spg_eta=1000.0,Beta (easy),21,105
670,120000,0.2162572982092081,0.2837427017907919,2.1765526467705487e-09,linear_spg_eta=1000.0,Beta (easy),21,105
671,130000,0.21625729652107362,0.2837427034789264,1.9674846827641713e-09,linear_spg_eta=1000.0,Beta (easy),21,105
672,140000,0.21625729505640054,0.28374270494359943,1.7898530342330652e-09,linear_spg_eta=1000.0,Beta (easy),21,105
673,150000,0.21625729378515723,0.28374270621484277,1.6386728482154879e-09,linear_spg_eta=1000.0,Beta (easy),21,105
674,160000,0.21625729268396626,0.2837427073160338,1.5100816694796356e-09,linear_spg_eta=1000.0,Beta (easy),21,105
675,170000,0.21625729170095473,0.28374270829904524,1.3972369645648429e-09,linear_spg_eta=1000.0,Beta (easy),21,105
676,180000,0.21625729084168518,0.2837427091583148,1.300169472111281e-09,linear_spg_eta=1000.0,Beta (easy),21,105
677,190000,0.21625729006138178,0.2837427099386182,1.213347746547845e-09,linear_spg_eta=1000.0,Beta (easy),21,105
678,200000,0.21625728936498684,0.2837427106350132,1.136970674696592e-09,linear_spg_eta=1000.0,Beta (easy),21,105
679,210000,0.2162572887246837,0.28374271127531636,1.0677036239023068e-09,linear_spg_eta=1000.0,Beta (easy),21,105
680,220000,0.21625728814307046,0.28374271185692956,1.0056104156754975e-09,linear_spg_eta=1000.0,Beta (easy),21,105
681,230000,0.21625728761815996,0.28374271238184007,9.502685743017616e-10,linear_spg_eta=1000.0,Beta (easy),21,105
682,240000,0.21625728713729825,0.2837427128627017,9.001712288940961e-10,linear_spg_eta=1000.0,Beta (easy),21,105
683,250000,0.21625728669671332,0.2837427133032867,8.547899581066494e-10,linear_spg_eta=1000.0,Beta (easy),21,105
684,260000,0.21625728628512345,0.2837427137148766,8.128581244433814e-10,linear_spg_eta=1000.0,Beta (easy),21,105
685,270000,0.21625728590583884,0.2837427140941612,7.74624920589731e-10,linear_spg_eta=1000.0,Beta (easy),21,105
686,280000,0.21625728555491086,0.28374271444508914,7.396080277472222e-10,linear_spg_eta=1000.0,Beta (easy),21,105
687,290000,0.21625728523077467,0.2837427147692253,7.075783186873035e-10,linear_spg_eta=1000.0,Beta (easy),21,105
688,300000,0.21625728492708662,0.2837427150729134,6.77849732193787e-10,linear_spg_eta=1000.0,Beta (easy),21,105
689,304673,0.21625728479152712,0.2837427152084729,6.646689859737287e-10,linear_spg_eta=1000.0,Beta (easy),21,105
690,0,0.3062236067093998,0.1937763932906002,0.16666666666666666,linear_spg_eta=1000.0,Beta (easy),21,106
691,1,0.3319648473782503,0.16803515262174967,8.948943762254378e-94,linear_spg_eta=1000.0,Beta (easy),21,106
692,0,0.3062236067093998,0.1937763932906002,0.16666666666666666,linear_spg_eta=1000.0,Beta (easy),21,107
693,1,0.4999999999999994,6.04518980199678e-16,0.9999999999999847,linear_spg_eta=1000.0,Beta (easy),21,107
694,0,0.3062236067093998,0.1937763932906002,0.16666666666666666,linear_spg_eta=1000.0,Beta (easy),21,108
695,1,0.5,-7.804971923531431e-23,1.0,linear_spg_eta=1000.0,Beta (easy),21,108
696,0,0.3062236067093998,0.1937763932906002,0.16666666666666666,linear_spg_eta=1000.0,Beta (easy),21,109
697,10000,0.12695691903943662,0.3730430809605634,3.211401151574913e-37,linear_spg_eta=1000.0,Beta (easy),21,109
698,20000,0.1269564971475554,0.3730435028524446,2.614302757347649e-37,linear_spg_eta=1000.0,Beta (easy),21,109
699,30000,0.1269563576590755,0.37304364234092446,2.3196973954886586e-37,linear_spg_eta=1000.0,Beta (easy),21,109
700,40000,0.12695628839257986,0.3730437116074201,2.132566093490759e-37,linear_spg_eta=1000.0,Beta (easy),21,109
701,50000,0.1269562455703498,0.3730437544296502,1.9938162010140977e-37,linear_spg_eta=1000.0,Beta (easy),21,109
702,60000,0.12695621778121774,0.37304378221878226,1.8897270738548763e-37,linear_spg_eta=1000.0,Beta (easy),21,109
703,70000,0.1269561977927961,0.3730438022072039,1.8054126348502354e-37,linear_spg_eta=1000.0,Beta (easy),21,109
704,80000,0.12695618296765898,0.373043817032341,1.7362073640325995e-37,linear_spg_eta=1000.0,Beta (easy),21,109
705,90000,0.12695617145663068,0.3730438285433693,1.6775406710015537e-37,linear_spg_eta=1000.0,Beta (easy),21,109
706,100000,0.12695616211661193,0.3730438378833881,1.6260613371347867e-37,linear_spg_eta=1000.0,Beta (easy),21,109
707,110000,0.1269561545025562,0.3730438454974438,1.5810161616203181e-37,linear_spg_eta=1000.0,Beta (easy),21,109
708,120000,0.12695614812505365,0.3730438518749464,1.5407790887472534e-37,linear_spg_eta=1000.0,Beta (easy),21,109
709,130000,0.126956142691688,0.373043857308312,1.5044039330667185e-37,linear_spg_eta=1000.0,Beta (easy),21,109
710,140000,0.126956138110059,0.373043861889941,1.4720119993585343e-37,linear_spg_eta=1000.0,Beta (easy),21,109
711,150000,0.12695614594058532,0.37304385405941465,1.5263978119245148e-37,linear_spg_eta=1000.0,Beta (easy),21,109
712,160000,0.1269561409187917,0.3730438590812083,1.4920634543749525e-37,linear_spg_eta=1000.0,Beta (easy),21,109
713,170000,0.12695613654262777,0.3730438634573722,1.4605251781552033e-37,linear_spg_eta=1000.0,Beta (easy),21,109
714,180000,0.12695808666051836,0.37304191333948167,4.15281116461203e-37,linear_spg_eta=1000.0,Beta (easy),21,109
715,190000,0.20465961297556065,0.2953403870244393,1.291957654812278e-39,linear_spg_eta=1000.0,Beta (easy),21,109
716,200000,0.20465969757803254,0.29534030242196746,9.75672860788835e-40,linear_spg_eta=1000.0,Beta (easy),21,109
717,210000,0.2046597410774828,0.2953402589225172,7.953733942889661e-40,linear_spg_eta=1000.0,Beta (easy),21,109
718,220000,0.20465976638348674,0.2953402336165133,6.822329312142622e-40,linear_spg_eta=1000.0,Beta (easy),21,109
719,230000,0.20465978355120548,0.2953402164487945,6.008061616807427e-40,linear_spg_eta=1000.0,Beta (easy),21,109
720,240000,0.20465979600896148,0.29534020399103855,5.387103428096759e-40,linear_spg_eta=1000.0,Beta (easy),21,109
721,250000,0.2046598053804655,0.29534019461953454,4.899527127267606e-40,linear_spg_eta=1000.0,Beta (easy),21,109
722,260000,0.20465981262013372,0.2953401873798663,4.5085160688602974e-40,linear_spg_eta=1000.0,Beta (easy),21,109
723,270000,0.20465981841136788,0.2953401815886321,4.185217196286208e-40,linear_spg_eta=1000.0,Beta (easy),21,109
724,280000,0.20465982305590075,0.29534017694409925,3.918183719897432e-40,linear_spg_eta=1000.0,Beta (easy),21,109
725,290000,0.20465982700341878,0.2953401729965812,3.685086206139645e-40,linear_spg_eta=1000.0,Beta (easy),21,109
726,300000,0.20465983032845014,0.29534016967154986,3.483848070985278e-40,linear_spg_eta=1000.0,Beta (easy),21,109
727,310000,0.20465983319336248,0.29534016680663755,3.3064709945828345e-40,linear_spg_eta=1000.0,Beta (easy),21,109
728,310781,0.2046598334010385,0.2953401665989615,3.2934592489594046e-40,linear_spg_eta=1000.0,Beta (easy),21,109
729,0,0.35865009318166463,0.1413499068183354,0.16666666666666666,linear_spg_eta=1000.0,Beta (easy),22,110
730,1,0.18304577941732703,0.316954220582673,1.1801683594808983e-12,linear_spg_eta=1000.0,Beta (easy),22,110
731,0,0.35865009318166463,0.1413499068183354,0.16666666666666666,linear_spg_eta=1000.0,Beta (easy),22,111
732,1,0.26492692686655306,0.23507307313344694,3.234798939830671e-17,linear_spg_eta=1000.0,Beta (easy),22,111
733,0,0.35865009318166463,0.1413499068183354,0.16666666666666666,linear_spg_eta=1000.0,Beta (easy),22,112
734,10000,0.4008251770991223,0.09917482290087767,7.119016333786293e-15,linear_spg_eta=1000.0,Beta (easy),22,112
735,20000,0.4008251292956118,0.09917487070438816,3.2644478400765037e-15,linear_spg_eta=1000.0,Beta (easy),22,112
736,30000,0.40082510904130986,0.09917489095869013,1.949373239762576e-15,linear_spg_eta=1000.0,Beta (easy),22,112
737,40000,0.40082509806950695,0.09917490193049301,1.3344356395480944e-15,linear_spg_eta=1000.0,Beta (easy),22,112
738,50000,0.4008250911845151,0.09917490881548491,9.889915408528273e-16,linear_spg_eta=1000.0,Beta (easy),22,112
739,53061,0.4008250895606059,0.09917491043939405,9.125045779538057e-16,linear_spg_eta=1000.0,Beta (easy),22,112
740,0,0.35865009318166463,0.1413499068183354,0.16666666666666666,linear_spg_eta=1000.0,Beta (easy),22,113
741,1,0.32320983184332747,0.17679016815667253,9.406687532739356e-126,linear_spg_eta=1000.0,Beta (easy),22,113
742,0,0.35865009318166463,0.1413499068183354,0.16666666666666666,linear_spg_eta=1000.0,Beta (easy),22,114
743,10000,0.18304595685077302,0.316954043149227,3.187335613332701e-10,linear_spg_eta=1000.0,Beta (easy),22,114
744,20000,0.18304586871587192,0.31695413128412814,1.2254566976815989e-10,linear_spg_eta=1000.0,Beta (easy),22,114
745,30000,0.18304583721212198,0.31695416278787797,6.895216179707344e-11,linear_spg_eta=1000.0,Beta (easy),22,114
746,40000,0.18304582096665506,0.31695417903334494,4.5669376265549195e-11,linear_spg_eta=1000.0,Beta (easy),22,114
747,50000,0.18304581100896108,0.3169541889910389,3.310253962969634e-11,linear_spg_eta=1000.0,Beta (easy),22,114
748,60000,0.18304580425816064,0.31695419574183936,2.5406306061094422e-11,linear_spg_eta=1000.0,Beta (easy),22,114
749,70000,0.18304579939565743,0.31695420060434254,2.0313048994158852e-11,linear_spg_eta=1000.0,Beta (easy),22,114
750,80000,0.18304579570545818,0.3169542042945418,1.6718476408060634e-11,linear_spg_eta=1000.0,Beta (easy),22,114
751,90000,0.18304579284838543,0.31695420715161454,1.4106244626690421e-11,linear_spg_eta=1000.0,Beta (easy),22,114
752,100000,0.18304579049851183,0.31695420950148817,1.2075752637217818e-11,linear_spg_eta=1000.0,Beta (easy),22,114
753,110000,0.18304578858553286,0.3169542114144671,1.050533778706015e-11,linear_spg_eta=1000.0,Beta (easy),22,114
754,120000,0.1830457869773706,0.3169542130226295,9.2450635971817e-12,linear_spg_eta=1000.0,Beta (easy),22,114
755,130000,0.18304578559327023,0.3169542144067298,8.20598800847724e-12,linear_spg_eta=1000.0,Beta (easy),22,114
756,132966,0.1830457852276306,0.31695421477236935,7.938748469817871e-12,linear_spg_eta=1000.0,Beta (easy),22,114
757,0,0.22344988634811538,0.2765501136518846,0.16666666666666666,linear_spg_eta=1000.0,Beta (easy),23,115
758,2,0.5,-2.176085418593105e-37,1.0,linear_spg_eta=1000.0,Beta (easy),23,115
759,0,0.22344988634811538,0.2765501136518846,0.16666666666666666,linear_spg_eta=1000.0,Beta (easy),23,116
760,10000,0.015378707166946002,0.484621292833054,6.90383897812638e-28,linear_spg_eta=1000.0,Beta (easy),23,116
761,20000,0.015378688722453486,0.4846213112775465,5.355662519352492e-28,linear_spg_eta=1000.0,Beta (easy),23,116
762,30000,0.015378673264353509,0.48462132673564645,4.269247161282469e-28,linear_spg_eta=1000.0,Beta (easy),23,116
763,40000,0.01537865928029014,0.48462134071970986,3.434902755099917e-28,linear_spg_eta=1000.0,Beta (easy),23,116
764,50000,0.015378646374422095,0.48462135362557784,2.7776990841167154e-28,linear_spg_eta=1000.0,Beta (easy),23,116
765,60000,0.015378635291272008,0.484621364708728,2.291637047848085e-28,linear_spg_eta=1000.0,Beta (easy),23,116
766,70000,0.015378624931939745,0.48462137506806025,1.8968881074867477e-28,linear_spg_eta=1000.0,Beta (easy),23,116
767,80000,0.015378615849785216,0.4846213841502148,1.594177962950531e-28,linear_spg_eta=1000.0,Beta (easy),23,116
768,90000,0.015378607061857183,0.4846213929381428,1.3366982319204888e-28,linear_spg_eta=1000.0,Beta (easy),23,116
769,100000,0.015378599527088085,0.4846214004729119,1.1415372834098936e-28,linear_spg_eta=1000.0,Beta (easy),23,116
770,110000,0.015378592461818602,0.4846214075381814,9.784143600774835e-29,linear_spg_eta=1000.0,Beta (easy),23,116
771,120000,0.015378585956402225,0.48462141404359776,8.440372900458483e-29,linear_spg_eta=1000.0,Beta (easy),23,116
772,130000,0.015378579553631165,0.48462142044636886,7.255681247759766e-29,linear_spg_eta=1000.0,Beta (easy),23,116
773,140000,0.015378573739858277,0.48462142626014176,6.29047287263413e-29,linear_spg_eta=1000.0,Beta (easy),23,116
774,150000,0.015378568330099427,0.48462143166990057,5.480572560784016e-29,linear_spg_eta=1000.0,Beta (easy),23,116
775,160000,0.015378563354355237,0.4846214366456447,4.806011798037809e-29,linear_spg_eta=1000.0,Beta (easy),23,116
776,170000,0.015378558438560648,0.4846214415614394,4.2017003498341395e-29,linear_spg_eta=1000.0,Beta (easy),23,116
777,180000,0.015378554053877386,0.4846214459461226,3.711668773963197e-29,linear_spg_eta=1000.0,Beta (easy),23,116
778,190000,0.01537854986347162,0.48462145013652835,3.2839954261564946e-29,linear_spg_eta=1000.0,Beta (easy),23,116
779,200000,0.015378545901644294,0.4846214540983557,2.914133508597319e-29,linear_spg_eta=1000.0,Beta (easy),23,116
780,210000,0.015378542276385365,0.48462145772361465,2.6034582604897105e-29,linear_spg_eta=1000.0,Beta (easy),23,116
781,220000,0.01537853875294144,0.4846214612470586,2.3255864176767376e-29,linear_spg_eta=1000.0,Beta (easy),23,116
782,230000,0.015378535499047215,0.48462146450095284,2.08897368219017e-29,linear_spg_eta=1000.0,Beta (easy),23,116
783,240000,0.015378532540897253,0.48462146745910273,1.8897104358966123e-29,linear_spg_eta=1000.0,Beta (easy),23,116
784,250000,0.015378529775922009,0.484621470224078,1.7164640385462352e-29,linear_spg_eta=1000.0,Beta (easy),23,116
785,260000,0.015378527028445211,0.4846214729715548,1.5561952881065537e-29,linear_spg_eta=1000.0,Beta (easy),23,116
786,270000,0.015378524401909205,0.48462147559809077,1.4135584980278683e-29,linear_spg_eta=1000.0,Beta (easy),23,116
787,280000,0.015378521822820922,0.48462147817717904,1.283107403718378e-29,linear_spg_eta=1000.0,Beta (easy),23,116
788,290000,0.015378519466513316,0.4846214805334867,1.1718833274414806e-29,linear_spg_eta=1000.0,Beta (easy),23,116
789,300000,0.015378517271973183,0.4846214827280268,1.0748403929290835e-29,linear_spg_eta=1000.0,Beta (easy),23,116
790,310000,0.015378515272242833,0.4846214847277572,9.916896710178776e-30,linear_spg_eta=1000.0,Beta (easy),23,116
791,320000,0.015378513291341598,0.48462148670865846,9.140927202865015e-30,linear_spg_eta=1000.0,Beta (easy),23,116
792,330000,0.015378511415067589,0.4846214885849324,8.448096735770482e-30,linear_spg_eta=1000.0,Beta (easy),23,116
793,340000,0.015378509486515882,0.48462149051348413,7.777094445135199e-30,linear_spg_eta=1000.0,Beta (easy),23,116
794,350000,0.015378507799162897,0.4846214922008371,7.222965212215713e-30,linear_spg_eta=1000.0,Beta (easy),23,116
795,360000,0.49999988957380487,1.1042619516858815e-07,0.9999993469136828,linear_spg_eta=1000.0,Beta (easy),23,116
796,370000,0.49999995762963767,4.237036230159759e-08,0.9999997494117783,linear_spg_eta=1000.0,Beta (easy),23,116
797,380000,0.4999999738391869,2.616081309159949e-08,0.9999998452788392,linear_spg_eta=1000.0,Beta (easy),23,116
798,390000,0.4999999810139241,1.898607585503055e-08,0.9999998877119116,linear_spg_eta=1000.0,Beta (easy),23,116
799,400000,0.49999998506382465,1.4936175336746827e-08,0.9999999116639695,linear_spg_eta=1000.0,Beta (easy),23,116
800,402011,0.4999999856896855,1.4310314494098807e-08,0.9999999153654565,linear_spg_eta=1000.0,Beta (easy),23,116
801,0,0.22344988634811538,0.2765501136518846,0.16666666666666666,linear_spg_eta=1000.0,Beta (easy),23,117
802,10000,0.21432274527495868,0.2856772547250413,3.6183635646941456e-10,linear_spg_eta=1000.0,Beta (easy),23,117
803,20000,0.2143227758360718,0.2856772241639282,1.746125342728045e-10,linear_spg_eta=1000.0,Beta (easy),23,117
804,30000,0.21432278632547389,0.2856772136745261,1.1272045142869717e-10,linear_spg_eta=1000.0,Beta (easy),23,117
805,40000,0.21432279160662582,0.2856772083933742,8.252196146718832e-11,linear_spg_eta=1000.0,Beta (easy),23,117
806,50000,0.21432279482483058,0.2856772051751694,6.457338644454987e-11,linear_spg_eta=1000.0,Beta (easy),23,117
807,60000,0.2143227969627267,0.28567720303727334,5.289237803936564e-11,linear_spg_eta=1000.0,Beta (easy),23,117
808,70000,0.21432279848735244,0.2856772015126475,4.4704663927231916e-11,linear_spg_eta=1000.0,Beta (easy),23,117
809,80000,0.21432279964247933,0.28567720035752064,3.85931954708563e-11,linear_spg_eta=1000.0,Beta (easy),23,117
810,90000,0.21432280054377853,0.2856771994562215,3.38872256543751e-11,linear_spg_eta=1000.0,Beta (easy),23,117
811,100000,0.21432280125180497,0.285677198748195,3.023337048250769e-11,linear_spg_eta=1000.0,Beta (easy),23,117
812,110000,0.21432280183985414,0.2856771981601459,2.723037372101477e-11,linear_spg_eta=1000.0,Beta (easy),23,117
813,120000,0.2143228023312593,0.2856771976687407,2.474499077007604e-11,linear_spg_eta=1000.0,Beta (easy),23,117
814,130000,0.21432280274777193,0.28567719725222807,2.2656985604005048e-11,linear_spg_eta=1000.0,Beta (easy),23,117
815,140000,0.2143228031038592,0.2856771968961408,2.088644849075063e-11,linear_spg_eta=1000.0,Beta (easy),23,117
816,150000,0.21432280341171644,0.28567719658828356,1.936728329434707e-11,linear_spg_eta=1000.0,Beta (easy),23,117
817,160000,0.21432280368791828,0.28567719631208177,1.8014043499253236e-11,linear_spg_eta=1000.0,Beta (easy),23,117
818,170000,0.21432280392904568,0.2856771960709543,1.6840616266960433e-11,linear_spg_eta=1000.0,Beta (easy),23,117
819,180000,0.21432280414338456,0.2856771958566154,1.580414388192963e-11,linear_spg_eta=1000.0,Beta (easy),23,117
820,190000,0.21432280433243645,0.28567719566756355,1.4895371942831375e-11,linear_spg_eta=1000.0,Beta (easy),23,117
821,200000,0.21432280450286467,0.28567719549713533,1.4080695809152585e-11,linear_spg_eta=1000.0,Beta (easy),23,117
822,205202,0.2143228045851591,0.2856771954148409,1.3688928124095718e-11,linear_spg_eta=1000.0,Beta (easy),23,117
823,0,0.22344988634811538,0.2765501136518846,0.16666666666666666,linear_spg_eta=1000.0,Beta (easy),23,118
824,5,0.5,-7.759678540030567e-36,1.0,linear_spg_eta=1000.0,Beta (easy),23,118
825,0,0.22344988634811538,0.2765501136518846,0.16666666666666666,linear_spg_eta=1000.0,Beta (easy),23,119
826,10000,0.015381396772616565,0.4846186032273834,9.706362875620404e-57,linear_spg_eta=1000.0,Beta (easy),23,119
827,20000,0.015380045180970622,0.48461995481902936,1.7974063447959144e-57,linear_spg_eta=1000.0,Beta (easy),23,119
828,30000,0.16333606930904684,0.33666393069095313,6.576126684466543e-08,linear_spg_eta=1000.0,Beta (easy),23,119
829,40000,0.16333606654116292,0.3366639334588371,5.753976322983055e-08,linear_spg_eta=1000.0,Beta (easy),23,119
830,50000,0.16333606434212983,0.3366639356578702,5.100792910851601e-08,linear_spg_eta=1000.0,Beta (easy),23,119
831,60000,0.16333606262839703,0.33666393737160294,4.5917592686825854e-08,linear_spg_eta=1000.0,Beta (easy),23,119
832,70000,0.16333606121389577,0.33666393878610423,4.171606988714684e-08,linear_spg_eta=1000.0,Beta (easy),23,119
833,80000,0.16333606002213918,0.3366639399778608,3.8176170330140665e-08,linear_spg_eta=1000.0,Beta (easy),23,119
834,90000,0.16333605899882525,0.33666394100117475,3.5136599390531634e-08,linear_spg_eta=1000.0,Beta (easy),23,119
835,100000,0.16333605813093588,0.3366639418690641,3.255868938596639e-08,linear_spg_eta=1000.0,Beta (easy),23,119
836,110000,0.16333605737358056,0.3366639426264194,3.0309101106892024e-08,linear_spg_eta=1000.0,Beta (easy),23,119
837,120000,0.16333605672748114,0.33666394327251886,2.8389978408544575e-08,linear_spg_eta=1000.0,Beta (easy),23,119
838,130000,0.16333605616417848,0.3366639438358215,2.6716788752520924e-08,linear_spg_eta=1000.0,Beta (easy),23,119
839,138286,0.1633360557438847,0.3366639442561153,2.5468381244753984e-08,linear_spg_eta=1000.0,Beta (easy),23,119
840,0,0.31692611661997344,0.18307388338002656,0.16666666666666666,linear_spg_eta=1000.0,Beta (easy),24,120
841,1,0.4999999999933605,6.639540406563086e-12,0.9999999998743314,linear_spg_eta=1000.0,Beta (easy),24,120
842,0,0.31692611661997344,0.18307388338002656,0.16666666666666666,linear_spg_eta=1000.0,Beta (easy),24,121
843,1,0.23744640306716308,0.2625535969328369,1.011428396851007e-38,linear_spg_eta=1000.0,Beta (easy),24,121
844,0,0.31692611661997344,0.18307388338002656,0.16666666666666666,linear_spg_eta=1000.0,Beta (easy),24,122
845,1,0.44716644623598384,0.05283355376401616,2.5033862733969935e-09,linear_spg_eta=1000.0,Beta (easy),24,122
846,0,0.31692611661997344,0.18307388338002656,0.16666666666666666,linear_spg_eta=1000.0,Beta (easy),24,123
847,1,0.3064273491272666,0.19357265087273343,1.1044916298257342e-13,linear_spg_eta=1000.0,Beta (easy),24,123
848,0,0.31692611661997344,0.18307388338002656,0.16666666666666666,linear_spg_eta=1000.0,Beta (easy),24,124
849,10000,0.30642726067859505,0.19357273932140498,1.5331959672527547e-28,linear_spg_eta=1000.0,Beta (easy),24,124
850,20000,0.3064273031790519,0.19357269682094808,1.3158747572898461e-28,linear_spg_eta=1000.0,Beta (easy),24,124
851,30000,0.3064273180771712,0.19357268192282875,1.2008512259989103e-28,linear_spg_eta=1000.0,Beta (easy),24,124
852,40000,0.3064273256489449,0.1935726743510551,1.1250086707114223e-28,linear_spg_eta=1000.0,Beta (easy),24,124
853,50000,0.3064273302592239,0.19357266974077614,1.0690479553780375e-28,linear_spg_eta=1000.0,Beta (easy),24,124
854,54763,0.30642733188499754,0.19357266811500246,1.0468002665336793e-28,linear_spg_eta=1000.0,Beta (easy),24,124
